Partner Name,Customer Account Name,Account Tier,Workload Name,Opportunity Name,Expert Requests,Customer Sub Region,Customer Micro Region,Primary Workload Pillar,Sales Play,Workload Solution,Workload Progress,Begin Migration Date,Production Date,Annual Gross Revenue (ARR USD),Capacity Status (DRP Readiness),Last Touch,Link
"=HYPERLINK(""https://vector.lightning.force.com/lightning/r/Account/0014M00001h38aiQAA/view"", ""Devaid SPA"")","=HYPERLINK(""https://vector.lightning.force.com/lightning/r/Account/0014M00001hReHaQAK/view"", ""Empresa Nacional de Energia Enex S.A."")",2,"=HYPERLINK(""https://vector.lightning.force.com/lightning/r/Workload__c/aBJKf000004ZLF4OAO/view"", ""Enex Licencias de GE"")",,,Corporate,MCO CORP SUR,Build with AI,Lead the Agentic Workplace Transformation (Gemini Enterprise),Gemini Enterprise,0-2: Tech Eval/Solution Dev,2026-10-23,2026-11-20,"40,000.00",🟢 Ready (2 DRP Profiles),,
"=HYPERLINK(""https://vector.lightning.force.com/lightning/r/Account/0014M00001h38aiQAA/view"", ""Devaid SPA"")","=HYPERLINK(""https://vector.lightning.force.com/lightning/r/Account/0014M00001hu4UaQAI/view"", ""Sociedad Austral de Electricidad S.A."")",2,"=HYPERLINK(""https://vector.lightning.force.com/lightning/r/Workload__c/aBJKf000004ZDyzOAG/view"", ""Fotografias Medidores SAESA"")","=HYPERLINK(""https://vector.lightning.force.com/lightning/r/Opportunity/006Kf00000Omp5KIAR/view"", ""Aceleracion procesos fotografia AI"")",,Corporate,MCO CORP SUR,Storage,Cross Sales Play Solutions (Storage),Storage,4.3: Migrated/Implemented,2026-05-01,2026-06-30,"15,000.00",🔴 Capacity Gap (0 DRP Profiles),,
"=HYPERLINK(""https://vector.lightning.force.com/lightning/r/Account/0014M00001h38aiQAA/view"", ""Devaid SPA"")","=HYPERLINK(""https://vector.lightning.force.com/lightning/r/Account/0014M00001lHigMQAS/view"", ""Sociedad Austral de Electricidad S.A."")",2,"=HYPERLINK(""https://vector.lightning.force.com/lightning/r/Workload__c/aBJKf000009eCFrOAM/view"", ""Gemini Entperprise Full company Saesa"")","=HYPERLINK(""https://vector.lightning.force.com/lightning/r/Opportunity/006Kf00000Oo5guIAB/view"", ""Gemini Enterprise full company"")",,Corporate,MCO CORP SUR,Build with AI,Lead the Agentic Workplace Transformation (Gemini Enterprise),Gemini Enterprise,0-2: Tech Eval/Solution Dev,2027-03-18,2027-05-31,"400,000.00",🟢 Ready (2 DRP Profiles),,
"=HYPERLINK(""https://vector.lightning.force.com/lightning/r/Account/0014M00001h38aiQAA/view"", ""Devaid SPA"")","=HYPERLINK(""https://vector.lightning.force.com/lightning/r/Account/0014M00001hVrsEQAS/view"", ""Transelec S.A."")",2,"=HYPERLINK(""https://vector.lightning.force.com/lightning/r/Workload__c/aBJKf000009eC7nOAE/view"", ""Crecimiento G.E Transelec"")","=HYPERLINK(""https://vector.lightning.force.com/lightning/r/Opportunity/006Kf00000Ons3iIAB/view"", ""Crecimiento G.E Transelec"")",,Corporate,MCO CORP SUR,,,,0-2: Tech Eval/Solution Dev,2026-10-22,2026-11-20,"150,000.00",🔴 Capacity Gap (0 DRP Profiles),,
"=HYPERLINK(""https://vector.lightning.force.com/lightning/r/Account/0014M00001h38aiQAA/view"", ""Devaid SPA"")","=HYPERLINK(""https://vector.lightning.force.com/lightning/r/Account/0014M00001lHlfdQAC/view"", ""CGE"")",2,"=HYPERLINK(""https://vector.lightning.force.com/lightning/r/Workload__c/aBJKf000009eBuyOAE/view"", ""CGE - Gemini Enterprise + Agentes IA"")","=HYPERLINK(""https://vector.lightning.force.com/lightning/r/Opportunity/006Kf00000OmPQ0IAN/view"", ""CGE - 3000 seats Gemini Enterprise + Agentes IA"")","=HYPERLINK(""https://vector.lightning.force.com/lightning/r/Expert_Request__c/aAuKf000000PU7mKAG/view"", ""ER-480544"")",Corporate,MCO CORP SUR,Build with AI,Scale AI Apps and Agents,Drive Business Impact with Agents,3:  Proposal / Negotiation,2026-11-20,2026-12-25,"360,000.00",🟡 Constrained (1 DRP Profile),,
"=HYPERLINK(""https://vector.lightning.force.com/lightning/r/Account/0014M00001h38aiQAA/view"", ""Devaid SPA"")","=HYPERLINK(""https://vector.lightning.force.com/lightning/r/Account/0014M00001hu4UaQAI/view"", ""Sociedad Austral de Electricidad S.A."")",2,"=HYPERLINK(""https://vector.lightning.force.com/lightning/r/Workload__c/aBJKf000009eAwsOAE/view"", ""AI Analitica fotos"")","=HYPERLINK(""https://vector.lightning.force.com/lightning/r/Opportunity/006Kf00000Omp5KIAR/view"", ""Aceleracion procesos fotografia AI"")",,Corporate,MCO CORP SUR,Analytics,The Agentic Data Cloud,Data Agents & Tooling,3:  Proposal / Negotiation,2026-08-17,2026-09-14,"93,000.00",🟢 Ready (11 DRP Profiles),,
"=HYPERLINK(""https://vector.lightning.force.com/lightning/r/Account/0014M00001h38aiQAA/view"", ""Devaid SPA"")","=HYPERLINK(""https://vector.lightning.force.com/lightning/r/Account/0014M00001hc0ZsQAI/view"", ""Essbio"")",2,"=HYPERLINK(""https://vector.lightning.force.com/lightning/r/Workload__c/aBJKf0000082QcyOAE/view"", ""ESSBIO - WL AI iniciativas 2026 - Devaid"")","=HYPERLINK(""https://vector.lightning.force.com/lightning/r/Opportunity/006Kf00000ORMTeIAP/view"", ""Oportunidad 2026 - ESSBIO"")",,Corporate,MCO CORP SUR,Build with AI,Gemini Enterprise for Customer Experience (Build with AI),AI Search & Specialized AI,0-2: Tech Eval/Solution Dev,2026-06-23,2026-07-31,"66,588.00",🟡 Constrained (1 DRP Profile),,
"=HYPERLINK(""https://vector.lightning.force.com/lightning/r/Account/0014M00001h38aiQAA/view"", ""Devaid SPA"")","=HYPERLINK(""https://vector.lightning.force.com/lightning/r/Account/0014M00001hhdVzQAI/view"", ""Administradora de Fondos de Pensiones Habitat S.A."")",2,"=HYPERLINK(""https://vector.lightning.force.com/lightning/r/Workload__c/aBJKf0000082OFTOA2/view"", ""Habitat - WL - Analitica (Devaid)"")","=HYPERLINK(""https://vector.lightning.force.com/lightning/r/Opportunity/006Kf00000ODXTfIAP/view"", ""AFP Habitat - Data Anlitica de llamadas (Devaid)"")",,Corporate,MCO CORP SUR,Analytics,The Agentic Data Cloud,Data Agents & Tooling,0-2: Tech Eval/Solution Dev,2026-08-19,2026-12-21,"23,000.00",🟡 Constrained (1 DRP Profile),,
"=HYPERLINK(""https://vector.lightning.force.com/lightning/r/Account/0014M00001h38aiQAA/view"", ""Devaid SPA"")","=HYPERLINK(""https://vector.lightning.force.com/lightning/r/Account/0014M00001hReHaQAK/view"", ""Empresa Nacional de Energia Enex S.A."")",2,"=HYPERLINK(""https://vector.lightning.force.com/lightning/r/Workload__c/aBJKf000009dymeOAA/view"", ""Enex - Visualización de Camiones"")","=HYPERLINK(""https://vector.lightning.force.com/lightning/r/Opportunity/006Kf00000OE4WxIAL/view"", ""Enex - Visualización de Camiones en Tiempo Real dentro de una Geocerca (Devaid)"")",,Corporate,MCO CORP SUR,Analytics,"Migrate, Modernize, and Build with Data Cloud (Analytics)",Not a Solution,3:  Proposal / Negotiation,2026-10-23,2026-11-20,"99,600.00",🟡 Constrained (1 DRP Profile),,
"=HYPERLINK(""https://vector.lightning.force.com/lightning/r/Account/0014M00001h38aiQAA/view"", ""Devaid SPA"")","=HYPERLINK(""https://vector.lightning.force.com/lightning/r/Account/0014M00001hc3GPQAY/view"", ""Aza"")",2,"=HYPERLINK(""https://vector.lightning.force.com/lightning/r/Workload__c/aBJKf000009dyoBOAQ/view"", ""Aza Agentes Devaid IA"")","=HYPERLINK(""https://vector.lightning.force.com/lightning/r/Opportunity/006Kf00000O0E6qIAF/view"", ""Aza Agentes Devaid IA"")","=HYPERLINK(""https://vector.lightning.force.com/lightning/r/Expert_Request__c/aAuKf000000PaAwKAK/view"", ""ER-494856"")",Corporate,MCO CORP SUR,Build with AI,Scale AI Apps and Agents,Drive Business Impact with Agents,4.1: Pre Ramp / Mobilize,2026-04-24,2026-05-29,"30,000.00",🟡 Constrained (1 DRP Profile),,
"=HYPERLINK(""https://vector.lightning.force.com/lightning/r/Account/0014M00001h38aiQAA/view"", ""Devaid SPA"")","=HYPERLINK(""https://vector.lightning.force.com/lightning/r/Account/0014M00001htuRrQAI/view"", ""Chilquinta Energia S.A."")",2,"=HYPERLINK(""https://vector.lightning.force.com/lightning/r/Workload__c/aBJKf000009dxbdOAA/view"", ""Chilquinta Procesamiento de Audios Devaid"")","=HYPERLINK(""https://vector.lightning.force.com/lightning/r/Opportunity/006Kf00000Lj8TVIAZ/view"", ""Chilquinta Energia S.A. - GCP - procesamiento audio"")",,Corporate,MCO CORP SUR,Build with AI,"Your Business, Your Models",Agent and Model Platform,0-2: Tech Eval/Solution Dev,2026-10-09,2026-11-13,"68,000.00",🟡 Constrained (1 DRP Profile),,
"=HYPERLINK(""https://vector.lightning.force.com/lightning/r/Account/0014M00001h38aiQAA/view"", ""Devaid SPA"")","=HYPERLINK(""https://vector.lightning.force.com/lightning/r/Account/0014M00001tIBJLQA4/view"", ""Cemento Polpaico S.A."")",2,"=HYPERLINK(""https://vector.lightning.force.com/lightning/r/Workload__c/aBJKf000009dxapOAA/view"", ""Polpaico - POC Forecasting AutoML y BigqueryML#SalesCreditPOC"")","=HYPERLINK(""https://vector.lightning.force.com/lightning/r/Opportunity/006Kf00000NwzJ4IAJ/view"", ""Polpaico - POC Forecasting AutoML y BigqueryML#SalesCreditPOC"")","=HYPERLINK(""https://vector.lightning.force.com/lightning/r/Expert_Request__c/aAuKf000000ttroKAA/view"", ""ER-465405"")",Corporate,MCO CORP SUR,Analytics,"Migrate, Modernize, and Build with Data Cloud (Analytics)",Migrate Data Warehouses to BigQuery,3:  Proposal / Negotiation,2026-08-31,2026-09-30,"45,000.00",🟢 Ready (11 DRP Profiles),,
"=HYPERLINK(""https://vector.lightning.force.com/lightning/r/Account/0014M00001h38aiQAA/view"", ""Devaid SPA"")","=HYPERLINK(""https://vector.lightning.force.com/lightning/r/Account/0014M00001lHigMQAS/view"", ""Sociedad Austral de Electricidad S.A."")",2,"=HYPERLINK(""https://vector.lightning.force.com/lightning/r/Workload__c/aBJKf000009dumkOAA/view"", ""Winback Frabric - Saesa"")","=HYPERLINK(""https://vector.lightning.force.com/lightning/r/Opportunity/006Kf00000Nfs01IAB/view"", ""SAESA Winback Frabric"")",,Corporate,MCO CORP SUR,Migrate Modernize and Build,"Migrate, Modernize and Build",Microsoft,0-2: Tech Eval/Solution Dev,2026-09-03,2026-12-17,"150,000.00",🔴 Capacity Gap (0 DRP Profiles),,
"=HYPERLINK(""https://vector.lightning.force.com/lightning/r/Account/0014M00001h38aiQAA/view"", ""Devaid SPA"")","=HYPERLINK(""https://vector.lightning.force.com/lightning/r/Account/0014M00001hVrsEQAS/view"", ""Transelec S.A."")",2,"=HYPERLINK(""https://vector.lightning.force.com/lightning/r/Workload__c/aBJKf000009dunJOAQ/view"", ""Iniciativas AI Vertex"")","=HYPERLINK(""https://vector.lightning.force.com/lightning/r/Opportunity/006Kf00000NfseKIAR/view"", ""Transelec Iniciativas AI"")","=HYPERLINK(""https://vector.lightning.force.com/lightning/r/Expert_Request__c/aAuKf000000PP9sKAG/view"", ""ER-468695"")",Corporate,MCO CORP SUR,Build with AI,"Your Business, Your Models",Agent and Model Platform,4.3: Migrated/Implemented,2026-02-10,2026-04-29,"150,000.00",🟡 Constrained (1 DRP Profile),,
"=HYPERLINK(""https://vector.lightning.force.com/lightning/r/Account/0014M00001h38aiQAA/view"", ""Devaid SPA"")","=HYPERLINK(""https://vector.lightning.force.com/lightning/r/Account/0014M00001hVrsEQAS/view"", ""Transelec S.A."")",2,"=HYPERLINK(""https://vector.lightning.force.com/lightning/r/Workload__c/aBJKf000009dumuOAA/view"", ""Cloud Security Transelec"")","=HYPERLINK(""https://vector.lightning.force.com/lightning/r/Opportunity/006Kf00000NfsGrIAJ/view"", ""Transelec Cloud Security"")",,Corporate,MCO CORP SUR,Security,Security,Security Workload,0-2: Tech Eval/Solution Dev,2026-10-19,2026-11-25,"105,000.00",🔴 Capacity Gap (0 DRP Profiles),,
"=HYPERLINK(""https://vector.lightning.force.com/lightning/r/Account/0014M00001h38aiQAA/view"", ""Devaid SPA"")","=HYPERLINK(""https://vector.lightning.force.com/lightning/r/Account/0014M00001lHigMQAS/view"", ""Sociedad Austral de Electricidad S.A."")",2,"=HYPERLINK(""https://vector.lightning.force.com/lightning/r/Workload__c/aBJKf000009dunEOAQ/view"", ""Vertex AI"")","=HYPERLINK(""https://vector.lightning.force.com/lightning/r/Opportunity/006Kf00000NfsYqIAJ/view"", ""SAESA  iniciativas Vertex AI"")",,Corporate,MCO CORP SUR,Build with AI,"Your Business, Your Models",Agent and Model Platform,0-2: Tech Eval/Solution Dev,2026-10-20,2026-12-20,"75,000.00",🟡 Constrained (1 DRP Profile),,
"=HYPERLINK(""https://vector.lightning.force.com/lightning/r/Account/0014M00001h38aiQAA/view"", ""Devaid SPA"")","=HYPERLINK(""https://vector.lightning.force.com/lightning/r/Account/0014M00001lHlfdQAC/view"", ""CGE"")",2,"=HYPERLINK(""https://vector.lightning.force.com/lightning/r/Workload__c/aBJKf000009tJ0sOAE/view"", ""CGE - Regulatorio Imagenes"")","=HYPERLINK(""https://vector.lightning.force.com/lightning/r/Opportunity/006Kf00000Mz9KcIAJ/view"", ""CGE Regulatorio Imagenes"")",,Corporate,MCO CORP SUR,Build with AI,Leverage Generative Media in your Business,Generative Media,4.3: Migrated/Implemented,2026-03-31,2026-06-26,"30,000.00",🟡 Constrained (1 DRP Profile),,
"=HYPERLINK(""https://vector.lightning.force.com/lightning/r/Account/0014M00001h38aiQAA/view"", ""Devaid SPA"")","=HYPERLINK(""https://vector.lightning.force.com/lightning/r/Account/0014M00001hVrsEQAS/view"", ""Transelec S.A."")",2,"=HYPERLINK(""https://vector.lightning.force.com/lightning/r/Workload__c/aBJKf000009tDqSOAU/view"", ""Gemini Enterprise"")","=HYPERLINK(""https://vector.lightning.force.com/lightning/r/Opportunity/006Kf00000MLwm0IAD/view"", ""Transelec Gemini Enterprise for Data"")","ER-496259, ER-435477",Corporate,MCO CORP SUR,Build with AI,,Not a Solution,4.3: Migrated/Implemented,2026-01-21,2026-04-22,"45,900.00",🔴 Capacity Gap (0 DRP Profiles),,
"=HYPERLINK(""https://vector.lightning.force.com/lightning/r/Account/0014M00001h38aiQAA/view"", ""Devaid SPA"")","=HYPERLINK(""https://vector.lightning.force.com/lightning/r/Account/0014M00001lHigMQAS/view"", ""Sociedad Austral de Electricidad S.A."")",2,"=HYPERLINK(""https://vector.lightning.force.com/lightning/r/Workload__c/aBJKf000009oVMxOAM/view"", ""Saesa - Data"")","=HYPERLINK(""https://vector.lightning.force.com/lightning/r/Opportunity/006Kf00000KZDMYIA5/view"", ""Sociedad Austral de Electricidad S.A. - GCP"")","ER-412030, ER-432787",Corporate,MCO CORP SUR,Analytics,,,4.3: Migrated/Implemented,2025-08-30,2025-12-14,"100,000.00",🟢 Ready (11 DRP Profiles),,
"=HYPERLINK(""https://vector.lightning.force.com/lightning/r/Account/0014M00001h38aiQAA/view"", ""Devaid SPA"")","=HYPERLINK(""https://vector.lightning.force.com/lightning/r/Account/0014M00001hMjsHQAS/view"", ""CIAL - Consorcio Industrial de Alimentos S.A."")",2,"=HYPERLINK(""https://vector.lightning.force.com/lightning/r/Workload__c/aBJKf000009t63tOAA/view"", ""Cial Landing Zone"")","=HYPERLINK(""https://vector.lightning.force.com/lightning/r/Opportunity/006Kf00000JNCi1IAH/view"", ""CIAL - Consorcio Industrial de Alimentos S.A. - GCP (Devaid - LZ)"")",,Corporate,MCO CORP SUR,Migrate Modernize and Build,"Migrate, Modernize and Build",Mainframe,4.3: Migrated/Implemented,2025-08-22,2025-10-27,"20,000.00",🔴 Capacity Gap (0 DRP Profiles),,
"=HYPERLINK(""https://vector.lightning.force.com/lightning/r/Account/0014M00001h38aiQAA/view"", ""Devaid SPA"")","=HYPERLINK(""https://vector.lightning.force.com/lightning/r/Account/0014M00001lHlfdQAC/view"", ""CGE"")",2,"=HYPERLINK(""https://vector.lightning.force.com/lightning/r/Workload__c/aBJKf000009t4YaOAI/view"", ""GCE Procesamiento Imagenes"")","=HYPERLINK(""https://vector.lightning.force.com/lightning/r/Opportunity/006Kf00000LEYneIAH/view"", ""CGE - Procesamiento de Imagenes"")",,Corporate,MCO CORP SUR,Build with AI,Scale AI Apps and Agents,Drive Business Impact with Agents,4.3: Migrated/Implemented,2025-08-29,2025-12-26,"20,000.00",🟡 Constrained (1 DRP Profile),,
"=HYPERLINK(""https://vector.lightning.force.com/lightning/r/Account/0014M00001h38aiQAA/view"", ""Devaid SPA"")","=HYPERLINK(""https://vector.lightning.force.com/lightning/r/Account/0014M00001htuRrQAI/view"", ""Chilquinta Energia S.A."")",2,"=HYPERLINK(""https://vector.lightning.force.com/lightning/r/Workload__c/aBJKf000009t0RWOAY/view"", ""Networking Arquitecture - Devaid"")","=HYPERLINK(""https://vector.lightning.force.com/lightning/r/Opportunity/006Kf00000KbCblIAF/view"", ""Chilquinta Energia S.A. - Google Cloud Platform - Devaid (NW Arq)#SalesCreditPOC"")",,Corporate,MCO CORP SUR,Networking,Managed Global WAN (Cloud WAN),Networking,4.3: Migrated/Implemented,2025-12-12,2025-12-19,"8,000.00",🔴 Capacity Gap (0 DRP Profiles),,
"=HYPERLINK(""https://vector.lightning.force.com/lightning/r/Account/0014M00001h38aiQAA/view"", ""Devaid SPA"")","=HYPERLINK(""https://vector.lightning.force.com/lightning/r/Account/0014M00001hVrsEQAS/view"", ""Transelec S.A."")",2,"=HYPERLINK(""https://vector.lightning.force.com/lightning/r/Workload__c/aBJKf000006MUKXOA4/view"", ""Partner INterconnect resiliencia"")","=HYPERLINK(""https://vector.lightning.force.com/lightning/r/Opportunity/006Kf00000Kgm3zIAB/view"", ""Transelec Partner INterconnect resiliencia"")",,Corporate,MCO CORP SUR,Networking,Cross Sales Play Solutions (Networking),Networking,4.3: Migrated/Implemented,2025-03-12,2025-03-19,"36,000.00",🔴 Capacity Gap (0 DRP Profiles),,
"=HYPERLINK(""https://vector.lightning.force.com/lightning/r/Account/0014M00001h38aiQAA/view"", ""Devaid SPA"")","=HYPERLINK(""https://vector.lightning.force.com/lightning/r/Account/0014M00001hMjsHQAS/view"", ""CIAL - Consorcio Industrial de Alimentos S.A."")",2,"=HYPERLINK(""https://vector.lightning.force.com/lightning/r/Workload__c/aBJKf000009ssEaOAI/view"", ""SAP RISE Sandbox #Q3CloseAcc"")","=HYPERLINK(""https://vector.lightning.force.com/lightning/r/Opportunity/006Kf00000JOJuUIAX/view"", ""CIAL - Google Cloud Platform #SAPGCP"")","=HYPERLINK(""https://vector.lightning.force.com/lightning/r/Expert_Request__c/aAuKf000000LbtwKAC/view"", ""ER-353357"")",Corporate,MCO CORP SUR,Migrate Modernize and Build,,,4.3: Migrated/Implemented,2025-08-29,2025-09-19,"60,000.00",🔴 Capacity Gap (0 DRP Profiles),,
