Partner Name,Customer Account Name,Account Tier,Workload Name,Opportunity Name,Expert Requests,Customer Sub Region,Customer Micro Region,Primary Workload Pillar,Workload Progress,Begin Migration Date,Production Date,Annual Gross Revenue (ARR USD)
"=HYPERLINK(""https://vector.lightning.force.com/lightning/r/Account/0014M00001uFlbSQAS/view"", ""VPN Soluçoes em TI LTDA"")","=HYPERLINK(""https://vector.lightning.force.com/lightning/r/Account/0014M00001hUO52QAG/view"", ""Rede D'or São Luiz S/A"")",1,"=HYPERLINK(""https://vector.lightning.force.com/lightning/r/Workload__c/aBJKf000009kLdbOAE/view"", ""Rede D'Or São Luiz - Automação Ciclo de receita"")","=HYPERLINK(""https://vector.lightning.force.com/lightning/r/Opportunity/006Kf00000PYjZCIA1/view"", ""Rede D'Or  São Luiz - Automação do Ciclo de Receita - #offsite"")",,Brazil,Health,Migrate and Modernize Databases,0-2: Tech Eval/Solution Dev,2026-09-30,,"80,000.00"
"=HYPERLINK(""https://vector.lightning.force.com/lightning/r/Account/0014M00001uFlbSQAS/view"", ""VPN Soluçoes em TI LTDA"")","=HYPERLINK(""https://vector.lightning.force.com/lightning/r/Account/0014M00001hie7AQAQ/view"", ""Reifen Investimentos e Participacoes Empresariais Ltda"")",2,"=HYPERLINK(""https://vector.lightning.force.com/lightning/r/Workload__c/aBJKf000009eRSBOA2/view"", ""Magnum - GE"")","=HYPERLINK(""https://vector.lightning.force.com/lightning/r/Opportunity/006Kf00000Of8fgIAB/view"", ""Magnum #GCP #GE #CS"")",,Corporate,BR CORP,Build with AI,0-2: Tech Eval/Solution Dev,2026-08-19,2026-09-29,"80,000.00"
"=HYPERLINK(""https://vector.lightning.force.com/lightning/r/Account/0014M00001uFlbSQAS/view"", ""VPN Soluçoes em TI LTDA"")","=HYPERLINK(""https://vector.lightning.force.com/lightning/r/Account/0014M00001hkbnGQAQ/view"", ""Dafiti Brazil"")",1,"=HYPERLINK(""https://vector.lightning.force.com/lightning/r/Workload__c/aBJKf000004ZOXYOA4/view"", ""[Dafiti] Customer Flywheel"")","=HYPERLINK(""https://vector.lightning.force.com/lightning/r/Opportunity/006Kf00000Pij8CIAR/view"", ""[Dafiti] Customer Flywheel"")",,Brazil,Brazil DN,Build with AI,3:  Proposal / Negotiation,2026-10-31,2026-11-30,"61,109.76"
"=HYPERLINK(""https://vector.lightning.force.com/lightning/r/Account/0014M00001uFlbSQAS/view"", ""VPN Soluçoes em TI LTDA"")","=HYPERLINK(""https://vector.lightning.force.com/lightning/r/Account/0014M00001hvUAvQAM/view"", ""Grupo Poly"")",2,"=HYPERLINK(""https://vector.lightning.force.com/lightning/r/Workload__c/aBJKf000009kLLrOAM/view"", ""Novas Frentes VPN - Infra"")","=HYPERLINK(""https://vector.lightning.force.com/lightning/r/Opportunity/006Kf00000OYmvKIAT/view"", ""Grupo Poly - Infra AI"")",,Corporate,BR CORP,Infra AI,0-2: Tech Eval/Solution Dev,2026-09-07,2026-09-29,"250,000.00"
"=HYPERLINK(""https://vector.lightning.force.com/lightning/r/Account/0014M00001uFlbSQAS/view"", ""VPN Soluçoes em TI LTDA"")","=HYPERLINK(""https://vector.lightning.force.com/lightning/r/Account/0014M00001higWwQAI/view"", ""FAST2 MINE TECNOLOGIA E DESENVOLVIMENTO DE SISTEMAS LTDA"")",2,"=HYPERLINK(""https://vector.lightning.force.com/lightning/r/Workload__c/aBJKf000009eQyaOAE/view"", ""Fast2Mine - DB"")","=HYPERLINK(""https://vector.lightning.force.com/lightning/r/Opportunity/006Kf00000Of7gdIAB/view"", ""Fast2Mine #GCP #DB"")",,Corporate,BR CORP,Migrate and Modernize Databases,0-2: Tech Eval/Solution Dev,2026-09-24,2026-09-29,"80,000.00"
"=HYPERLINK(""https://vector.lightning.force.com/lightning/r/Account/0014M00001uFlbSQAS/view"", ""VPN Soluçoes em TI LTDA"")","=HYPERLINK(""https://vector.lightning.force.com/lightning/r/Account/0014M00001hvUAvQAM/view"", ""Grupo Poly"")",2,"=HYPERLINK(""https://vector.lightning.force.com/lightning/r/Workload__c/aBJKf000009eQyVOAU/view"", ""Grupo Poly - BQ"")","=HYPERLINK(""https://vector.lightning.force.com/lightning/r/Opportunity/006Kf00000Of7gOIAR/view"", ""Grupo Poly #GCP #BQ"")",,Corporate,BR CORP,Migrate and Modernize Databases,0-2: Tech Eval/Solution Dev,2026-09-16,2026-09-29,"80,000.00"
"=HYPERLINK(""https://vector.lightning.force.com/lightning/r/Account/0014M00001uFlbSQAS/view"", ""VPN Soluçoes em TI LTDA"")","=HYPERLINK(""https://vector.lightning.force.com/lightning/r/Account/0014M00001hkalmQAA/view"", ""Diagnósticos do Brasil"")",1,"=HYPERLINK(""https://vector.lightning.force.com/lightning/r/Workload__c/aBJKf000009kLMpOAM/view"", ""DB Diagnósticos - #offsite - Motor de Inteligência Clínica"")","=HYPERLINK(""https://vector.lightning.force.com/lightning/r/Opportunity/006Kf00000OAojYIAT/view"", ""DB Diagnósticos - #offsite - Motor de Inteligência Clínica"")",,Brazil,Health,Analytics,0-2: Tech Eval/Solution Dev,2026-09-28,2026-10-12,"60,000.00"
"=HYPERLINK(""https://vector.lightning.force.com/lightning/r/Account/0014M00001uFlbSQAS/view"", ""VPN Soluçoes em TI LTDA"")","=HYPERLINK(""https://vector.lightning.force.com/lightning/r/Account/0014M00001hY61hQAC/view"", ""Ancar Administradora de Shopping Centers"")",2,"=HYPERLINK(""https://vector.lightning.force.com/lightning/r/Workload__c/aBJKf000009kLGhOAM/view"", ""Ancar | Apigee"")","=HYPERLINK(""https://vector.lightning.force.com/lightning/r/Opportunity/006Kf00000OC0LGIA1/view"", ""Ancar | Agent Platform"")",,Corporate,BR CORP,Migrate Modernize and Build,3:  Proposal / Negotiation,2026-09-21,2026-10-26,"48,000.00"
"=HYPERLINK(""https://vector.lightning.force.com/lightning/r/Account/0014M00001uFlbSQAS/view"", ""VPN Soluçoes em TI LTDA"")","=HYPERLINK(""https://vector.lightning.force.com/lightning/r/Account/0014M00001hie7AQAQ/view"", ""Reifen Investimentos e Participacoes Empresariais Ltda"")",2,"=HYPERLINK(""https://vector.lightning.force.com/lightning/r/Workload__c/aBJKf000009eQ27OAE/view"", ""Magnum - SCC"")","=HYPERLINK(""https://vector.lightning.force.com/lightning/r/Opportunity/006Kf00000Of5AaIAJ/view"", ""Magnum #GCP #SCC #Outbound"")",,Corporate,BR CORP,Security,0-2: Tech Eval/Solution Dev,2026-08-19,2026-09-29,"75,000.00"
"=HYPERLINK(""https://vector.lightning.force.com/lightning/r/Account/0014M00001uFlbSQAS/view"", ""VPN Soluçoes em TI LTDA"")","=HYPERLINK(""https://vector.lightning.force.com/lightning/r/Account/0014M00001hie7AQAQ/view"", ""Reifen Investimentos e Participacoes Empresariais Ltda"")",2,"=HYPERLINK(""https://vector.lightning.force.com/lightning/r/Workload__c/aBJKf000009eQ1nOAE/view"", ""Magnum - GeminiPlatform"")","=HYPERLINK(""https://vector.lightning.force.com/lightning/r/Opportunity/006Kf00000Of3BMIAZ/view"", ""Magnum #GCP #GeminiPlatform #Outbound"")",,Corporate,BR CORP,Build with AI,0-2: Tech Eval/Solution Dev,2026-09-08,2026-09-29,"60,000.00"
"=HYPERLINK(""https://vector.lightning.force.com/lightning/r/Account/0014M00001uFlbSQAS/view"", ""VPN Soluçoes em TI LTDA"")","=HYPERLINK(""https://vector.lightning.force.com/lightning/r/Account/0014M00001hie7AQAQ/view"", ""Reifen Investimentos e Participacoes Empresariais Ltda"")",2,"=HYPERLINK(""https://vector.lightning.force.com/lightning/r/Workload__c/aBJKf000009eQ22OAE/view"", ""Magnum - CloudIdentity"")","=HYPERLINK(""https://vector.lightning.force.com/lightning/r/Opportunity/006Kf00000Of5A1IAJ/view"", ""Magnum #GCP #CloudArmor #Outbound"")",,Corporate,BR CORP,Migrate Modernize and Build,0-2: Tech Eval/Solution Dev,2026-08-26,2026-09-23,"60,000.00"
"=HYPERLINK(""https://vector.lightning.force.com/lightning/r/Account/0014M00001uFlbSQAS/view"", ""VPN Soluçoes em TI LTDA"")","=HYPERLINK(""https://vector.lightning.force.com/lightning/r/Account/0014M00001hUL81QAG/view"", ""Einstein Hospital Israelita"")",1,"=HYPERLINK(""https://vector.lightning.force.com/lightning/r/Workload__c/aBJKf000009ePqzOAE/view"", ""WL - Gemini Agent Platform"")","=HYPERLINK(""https://vector.lightning.force.com/lightning/r/Opportunity/006Kf00000OrJvtIAF/view"", ""Rev - AI projects"")",,Brazil,Health,Build with AI,0-2: Tech Eval/Solution Dev,2026-09-04,2026-09-25,"150,000.00"
"=HYPERLINK(""https://vector.lightning.force.com/lightning/r/Account/0014M00001uFlbSQAS/view"", ""VPN Soluçoes em TI LTDA"")","=HYPERLINK(""https://vector.lightning.force.com/lightning/r/Account/0014M00001hvUAvQAM/view"", ""Grupo Poly"")",2,"=HYPERLINK(""https://vector.lightning.force.com/lightning/r/Workload__c/aBJKf000009ePXTOA2/view"", ""Grupo Poly - Gemini Platform"")","=HYPERLINK(""https://vector.lightning.force.com/lightning/r/Opportunity/006Kf00000Of38wIAB/view"", ""Grupo Poly #GCP #GeminiPlatform"")",,Corporate,BR CORP,Build with AI,3:  Proposal / Negotiation,2026-08-27,2026-09-23,"60,000.00"
"=HYPERLINK(""https://vector.lightning.force.com/lightning/r/Account/0014M00001uFlbSQAS/view"", ""VPN Soluçoes em TI LTDA"")","=HYPERLINK(""https://vector.lightning.force.com/lightning/r/Account/0014M00001k1kWnQAI/view"", ""SUDOESTE INFORMATICA E CONSULTORIA EIRELI"")",2,"=HYPERLINK(""https://vector.lightning.force.com/lightning/r/Workload__c/aBJKf000009ePJ7OAM/view"", ""Sudoeste Informatica - Antigravity"")","=HYPERLINK(""https://vector.lightning.force.com/lightning/r/Opportunity/006Kf00000Of3C5IAJ/view"", ""Sudoeste Informatica #GCP #Antigravity"")",,Corporate,BR CORP,Build with AI,0-2: Tech Eval/Solution Dev,2026-08-26,2026-09-30,"60,000.00"
"=HYPERLINK(""https://vector.lightning.force.com/lightning/r/Account/0014M00001uFlbSQAS/view"", ""VPN Soluçoes em TI LTDA"")","=HYPERLINK(""https://vector.lightning.force.com/lightning/r/Account/0014M00001higWwQAI/view"", ""FAST2 MINE TECNOLOGIA E DESENVOLVIMENTO DE SISTEMAS LTDA"")",2,"=HYPERLINK(""https://vector.lightning.force.com/lightning/r/Workload__c/aBJKf000009ePJHOA2/view"", ""Fast2Mine - GeminiPlatform (VertexAI)"")","=HYPERLINK(""https://vector.lightning.force.com/lightning/r/Opportunity/006Kf00000Of2viIAB/view"", ""Fast2Mine #GCP #GeminiPlatform"")",,Corporate,BR CORP,Build with AI,0-2: Tech Eval/Solution Dev,2026-08-26,2026-09-22,"60,000.00"
"=HYPERLINK(""https://vector.lightning.force.com/lightning/r/Account/0014M00001uFlbSQAS/view"", ""VPN Soluçoes em TI LTDA"")","=HYPERLINK(""https://vector.lightning.force.com/lightning/r/Account/0014M00001h5VPNQA2/view"", ""Innovaro"")",2,"=HYPERLINK(""https://vector.lightning.force.com/lightning/r/Workload__c/aBJKf000009ePIiOAM/view"", ""Innovaro - Gemini Platform (VertexAI)"")","=HYPERLINK(""https://vector.lightning.force.com/lightning/r/Opportunity/006Kf00000Of3A4IAJ/view"", ""Innovaro #GCP #GeminiPlatform"")",,Corporate,BR CORP,Build with AI,0-2: Tech Eval/Solution Dev,2026-09-16,2026-09-23,"60,000.00"
"=HYPERLINK(""https://vector.lightning.force.com/lightning/r/Account/0014M00001uFlbSQAS/view"", ""VPN Soluçoes em TI LTDA"")","=HYPERLINK(""https://vector.lightning.force.com/lightning/r/Account/0014M000022FwpHQAS/view"", ""Vela LATAM"")",2,"=HYPERLINK(""https://vector.lightning.force.com/lightning/r/Workload__c/aBJKf000009ePJqOAM/view"", ""Escriba - Antigravity"")","=HYPERLINK(""https://vector.lightning.force.com/lightning/r/Opportunity/006Kf00000Of2k1IAB/view"", ""Escriba #GCP #Antigravity"")",,Corporate,BR CORP,Build with AI,0-2: Tech Eval/Solution Dev,2026-08-19,2026-09-29,"60,000.00"
"=HYPERLINK(""https://vector.lightning.force.com/lightning/r/Account/0014M00001uFlbSQAS/view"", ""VPN Soluçoes em TI LTDA"")","=HYPERLINK(""https://vector.lightning.force.com/lightning/r/Account/0014M00001k1kWnQAI/view"", ""SUDOESTE INFORMATICA E CONSULTORIA EIRELI"")",2,"=HYPERLINK(""https://vector.lightning.force.com/lightning/r/Workload__c/aBJKf000009ePJIOA2/view"", ""Sudoeste - GeminiEnterprise"")","=HYPERLINK(""https://vector.lightning.force.com/lightning/r/Opportunity/006Kf00000Of3IXIAZ/view"", ""Sudoeste #GCP #GeminiEnterprise"")",,Corporate,BR CORP,Build with AI,0-2: Tech Eval/Solution Dev,2026-08-20,2026-09-24,"30,000.00"
"=HYPERLINK(""https://vector.lightning.force.com/lightning/r/Account/0014M00001uFlbSQAS/view"", ""VPN Soluçoes em TI LTDA"")","=HYPERLINK(""https://vector.lightning.force.com/lightning/r/Account/0014M00001hMvJ8QAK/view"", ""MARAJO REDE DE SERVICOS S/A"")",2,"=HYPERLINK(""https://vector.lightning.force.com/lightning/r/Workload__c/aBJKf000004ZMZEOA4/view"", ""MARAJO REDE DE SERVICOS S/A-Renewal-Gemini Enterprise Linear-2027"")","=HYPERLINK(""https://vector.lightning.force.com/lightning/r/Opportunity/006Kf00000Ops3mIAB/view"", ""MARAJO REDE DE SERVICOS S/A-Renewal-Gemini Enterprise Linear-2027"")",,Corporate,BR CORP,Build with AI,4.2: Ramping / Deliver,2026-08-30,2026-08-30,"31,680.00"
"=HYPERLINK(""https://vector.lightning.force.com/lightning/r/Account/0014M00001uFlbSQAS/view"", ""VPN Soluçoes em TI LTDA"")","=HYPERLINK(""https://vector.lightning.force.com/lightning/r/Account/0014M00001hUd6JQAS/view"", ""SINAGRO PRODUTOS AGROPECUARIOS SA"")",2,"=HYPERLINK(""https://vector.lightning.force.com/lightning/r/Workload__c/aBJKf000004ZLwBOAW/view"", ""SAP - Sinova"")","=HYPERLINK(""https://vector.lightning.force.com/lightning/r/Opportunity/006Kf00000OQSz5IAH/view"", ""Sinova #OUT #GCP #Gemini Enterprise #BR + Dados"")",,Corporate,BR CORP,Migrate Modernize and Build,0-2: Tech Eval/Solution Dev,2026-10-02,2026-10-30,"250,000.00"
"=HYPERLINK(""https://vector.lightning.force.com/lightning/r/Account/0014M00001uFlbSQAS/view"", ""VPN Soluçoes em TI LTDA"")","=HYPERLINK(""https://vector.lightning.force.com/lightning/r/Account/0014M00001hPmpKQAS/view"", ""ValeCard"")",2,"=HYPERLINK(""https://vector.lightning.force.com/lightning/r/Workload__c/aBJKf000004ZLw1OAG/view"", ""Infra - Vale Card (Winback OCI)"")","=HYPERLINK(""https://vector.lightning.force.com/lightning/r/Opportunity/006Kf00000PHPlfIAH/view"", ""VALECARD-BQ-DAF"")",,Corporate,BR CORP,Migrate Modernize and Build,0-2: Tech Eval/Solution Dev,2026-10-16,2026-11-20,"250,000.00"
"=HYPERLINK(""https://vector.lightning.force.com/lightning/r/Account/0014M00001uFlbSQAS/view"", ""VPN Soluçoes em TI LTDA"")","=HYPERLINK(""https://vector.lightning.force.com/lightning/r/Account/0014M00001hXy84QAC/view"", ""CALLINK SERVICOS DE CALL CENTER LTDA"")",2,"=HYPERLINK(""https://vector.lightning.force.com/lightning/r/Workload__c/aBJKf000004ZLo7OAG/view"", ""Callink - Projeto de Dados"")","=HYPERLINK(""https://vector.lightning.force.com/lightning/r/Opportunity/006Kf00000PWewDIAT/view"", ""Callink - Projeto de Dados"")",,Corporate,BR CORP,Analytics,3:  Proposal / Negotiation,2026-09-16,2026-09-16,"30,000.00"
"=HYPERLINK(""https://vector.lightning.force.com/lightning/r/Account/0014M00001uFlbSQAS/view"", ""VPN Soluçoes em TI LTDA"")","=HYPERLINK(""https://vector.lightning.force.com/lightning/r/Account/0014M00001hjoZMQAY/view"", ""CIBRAFERTIL - COMPANHIA BRASILEIRA DE FERTILIZANTES"")",2,"=HYPERLINK(""https://vector.lightning.force.com/lightning/r/Workload__c/aBJKf000009eMfyOAE/view"", ""Infratakeover_CIBRA"")","=HYPERLINK(""https://vector.lightning.force.com/lightning/r/Opportunity/006Kf00000OqYj7IAF/view"", ""Infra_Data&AI_Cibrafertil"")",,Corporate,BR CORP,Migrate Modernize and Build,0-2: Tech Eval/Solution Dev,2026-10-15,2026-11-13,"380,000.00"
"=HYPERLINK(""https://vector.lightning.force.com/lightning/r/Account/0014M00001uFlbSQAS/view"", ""VPN Soluçoes em TI LTDA"")","=HYPERLINK(""https://vector.lightning.force.com/lightning/r/Account/0014M00002GHVv4QAH/view"", ""OURIBANK S.A. BANCO MULTIPLO"")",1,"=HYPERLINK(""https://vector.lightning.force.com/lightning/r/Workload__c/aBJKf000009eMXzOAM/view"", ""Ouribank_Gemini200"")","=HYPERLINK(""https://vector.lightning.force.com/lightning/r/Opportunity/006Kf00000OpevNIAR/view"", ""Ouribank_Gemini"")",,Brazil,FSI,Build with AI,4.3: Migrated/Implemented,2026-07-10,2026-07-30,"45,000.00"
"=HYPERLINK(""https://vector.lightning.force.com/lightning/r/Account/0014M00001uFlbSQAS/view"", ""VPN Soluçoes em TI LTDA"")","=HYPERLINK(""https://vector.lightning.force.com/lightning/r/Account/0014M00001hjoZMQAY/view"", ""CIBRAFERTIL - COMPANHIA BRASILEIRA DE FERTILIZANTES"")",2,"=HYPERLINK(""https://vector.lightning.force.com/lightning/r/Workload__c/aBJKf000009eMKMOA2/view"", ""Cibra_GE"")","=HYPERLINK(""https://vector.lightning.force.com/lightning/r/Opportunity/006Kf00000OqKnFIAV/view"", ""Cibra_GE"")",,Corporate,BR CORP,Build with AI,3:  Proposal / Negotiation,2026-07-30,2026-08-13,"54,000.00"
"=HYPERLINK(""https://vector.lightning.force.com/lightning/r/Account/0014M00001uFlbSQAS/view"", ""VPN Soluçoes em TI LTDA"")","=HYPERLINK(""https://vector.lightning.force.com/lightning/r/Account/001Kf0000180IPxIAM/view"", ""Baasic"")",3,"=HYPERLINK(""https://vector.lightning.force.com/lightning/r/Workload__c/aBJKf000009eLshOAE/view"", ""DataWorkload for Baasic"")","=HYPERLINK(""https://vector.lightning.force.com/lightning/r/Opportunity/006Kf00000NSNdIIAX/view"", ""Baasic  #Acc_Latam #Aprovada25k  #SST #IA #Migration #AWSInfra  #AEListQ126 #Escala  #UnCamino"")",,Brazil,Brazil DN,Analytics,4.3: Migrated/Implemented,2026-07-31,2026-08-31,"85,000.00"
"=HYPERLINK(""https://vector.lightning.force.com/lightning/r/Account/0014M00001uFlbSQAS/view"", ""VPN Soluçoes em TI LTDA"")","=HYPERLINK(""https://vector.lightning.force.com/lightning/r/Account/0014M00001huFSVQA2/view"", ""Banco Fibra"")",2,"=HYPERLINK(""https://vector.lightning.force.com/lightning/r/Workload__c/aBJKf000009eLfYOAU/view"", ""[Banco Fibra] #Gemini Enterprise | 200 Seats"")","=HYPERLINK(""https://vector.lightning.force.com/lightning/r/Opportunity/006Kf00000OqKwMIAV/view"", ""[Banco Fibra] #Gemini Enterprise | 200 Seats"")",,Corporate,BR CORP,Build with AI,3:  Proposal / Negotiation,2026-09-04,2026-09-30,"83,160.00"
"=HYPERLINK(""https://vector.lightning.force.com/lightning/r/Account/0014M00001uFlbSQAS/view"", ""VPN Soluçoes em TI LTDA"")","=HYPERLINK(""https://vector.lightning.force.com/lightning/r/Account/0014M00001mGNQxQAO/view"", ""EQI Investimentos"")",2,"=HYPERLINK(""https://vector.lightning.force.com/lightning/r/Workload__c/aBJKf000009WAoyOAG/view"", ""EQI INVESTIMENTOS #GE #GCP #OUT"")","=HYPERLINK(""https://vector.lightning.force.com/lightning/r/Opportunity/006Kf00000OpYE8IAN/view"", ""[EQI INVESTIMENTOS]  #Gemini Enterprise | 260 seats"")",,Corporate,BR CORP,Build with AI,0-2: Tech Eval/Solution Dev,2026-11-30,2026-12-18,"72,000.00"
"=HYPERLINK(""https://vector.lightning.force.com/lightning/r/Account/0014M00001uFlbSQAS/view"", ""VPN Soluçoes em TI LTDA"")","=HYPERLINK(""https://vector.lightning.force.com/lightning/r/Account/0014M00001yRSajQAG/view"", ""Capitale Energia Comercializadora Ltda"")",1,"=HYPERLINK(""https://vector.lightning.force.com/lightning/r/Workload__c/aBJKf000009eLIyOAM/view"", ""Migracao AWS"")","=HYPERLINK(""https://vector.lightning.force.com/lightning/r/Opportunity/006Kf00000OnhF4IAJ/view"", ""GCP Core"")",,Brazil,Energy & Nat Res,,0-2: Tech Eval/Solution Dev,2027-01-19,2027-03-01,0.00
"=HYPERLINK(""https://vector.lightning.force.com/lightning/r/Account/0014M00001uFlbSQAS/view"", ""VPN Soluçoes em TI LTDA"")","=HYPERLINK(""https://vector.lightning.force.com/lightning/r/Account/0014M00001rbM4iQAE/view"", ""Afya Educacional"")",1,"=HYPERLINK(""https://vector.lightning.force.com/lightning/r/Workload__c/aBJKf000009eIoSOAU/view"", ""AFYA - Azure to GCP Migration"")","=HYPERLINK(""https://vector.lightning.force.com/lightning/r/Opportunity/006Kf00000OpdCgIAJ/view"", ""AFYA - Azure to GCP Migration"")",,PS,EDU PS,Migrate Modernize and Build,0-2: Tech Eval/Solution Dev,2026-12-31,2027-01-30,"120,000.00"
"=HYPERLINK(""https://vector.lightning.force.com/lightning/r/Account/0014M00001uFlbSQAS/view"", ""VPN Soluçoes em TI LTDA"")","=HYPERLINK(""https://vector.lightning.force.com/lightning/r/Account/0014M00001hPmpKQAS/view"", ""ValeCard"")",2,"=HYPERLINK(""https://vector.lightning.force.com/lightning/r/Workload__c/aBJKf000004ZGCtOAO/view"", ""ValeCard #Dados #GCP #OUT"")","=HYPERLINK(""https://vector.lightning.force.com/lightning/r/Opportunity/006Kf00000OpbleIAB/view"", ""ValeCard #Dados #GCP #OUT"")",,Corporate,BR CORP,Analytics,0-2: Tech Eval/Solution Dev,2026-07-31,2026-08-12,"93,000.00"
"=HYPERLINK(""https://vector.lightning.force.com/lightning/r/Account/0014M00001uFlbSQAS/view"", ""VPN Soluçoes em TI LTDA"")","=HYPERLINK(""https://vector.lightning.force.com/lightning/r/Account/0014M00001hPmpKQAS/view"", ""ValeCard"")",2,"=HYPERLINK(""https://vector.lightning.force.com/lightning/r/Workload__c/aBJKf000004ZGCoOAO/view"", ""ValeCard #GeminiEnterprise #GCP #OUT"")","=HYPERLINK(""https://vector.lightning.force.com/lightning/r/Opportunity/006Kf00000OpblAIAR/view"", ""ValeCard #GeminiEnterprise #GCP #OUT"")",,Corporate,BR CORP,Build with AI,0-2: Tech Eval/Solution Dev,2026-08-28,2026-09-28,"50,000.00"
"=HYPERLINK(""https://vector.lightning.force.com/lightning/r/Account/0014M00001uFlbSQAS/view"", ""VPN Soluçoes em TI LTDA"")","=HYPERLINK(""https://vector.lightning.force.com/lightning/r/Account/0014M00001hlrtCQAQ/view"", ""CERC S.A."")",1,"=HYPERLINK(""https://vector.lightning.force.com/lightning/r/Workload__c/aBJKf000009eHtgOAE/view"", ""CERC_DB_SQLServerCloudSQL_to_AlloyDB #GOLD #LAM"")",,,Brazil,FSI,Migrate and Modernize Databases,3:  Proposal / Negotiation,2026-10-16,2026-11-06,"60,000.00"
"=HYPERLINK(""https://vector.lightning.force.com/lightning/r/Account/0014M00001uFlbSQAS/view"", ""VPN Soluçoes em TI LTDA"")","=HYPERLINK(""https://vector.lightning.force.com/lightning/r/Account/0014M00001hY61hQAC/view"", ""Ancar Administradora de Shopping Centers"")",2,"=HYPERLINK(""https://vector.lightning.force.com/lightning/r/Workload__c/aBJKf000004ZEviOAG/view"", ""Ancar - Gemini Enterprise (term Reset GWS / AWT)"")","=HYPERLINK(""https://vector.lightning.force.com/lightning/r/Opportunity/006Kf00000OJFjNIAX/view"", ""Ancar Term Reset GWS + GE #AWT - GEMINI ENTERPRISE #GCP #OUT https://vector.lightning.force.com/lightning/r/Opportunity/"")",,Corporate,BR CORP,Build with AI,0-2: Tech Eval/Solution Dev,2026-09-28,2026-10-26,"30,000.00"
"=HYPERLINK(""https://vector.lightning.force.com/lightning/r/Account/0014M00001uFlbSQAS/view"", ""VPN Soluçoes em TI LTDA"")","=HYPERLINK(""https://vector.lightning.force.com/lightning/r/Account/001Kf00001BDSQkIAP/view"", ""Learn to Fly"")",3,"=HYPERLINK(""https://vector.lightning.force.com/lightning/r/Workload__c/aBJKf000004ZBUROA4/view"", ""Bootcamp MVP"")","=HYPERLINK(""https://vector.lightning.force.com/lightning/r/Opportunity/006Kf00000OJHkhIAH/view"", ""#VCBD - DOMO #AI Bootcamp -  Learn to Fly"")",,Brazil,Brazil DN,Migrate Modernize and Build,4.3: Migrated/Implemented,2026-04-28,2026-04-29,"26,400.00"
"=HYPERLINK(""https://vector.lightning.force.com/lightning/r/Account/0014M00001uFlbSQAS/view"", ""VPN Soluçoes em TI LTDA"")","=HYPERLINK(""https://vector.lightning.force.com/lightning/r/Account/0014M00001hUd6JQAS/view"", ""SINAGRO PRODUTOS AGROPECUARIOS SA"")",2,"=HYPERLINK(""https://vector.lightning.force.com/lightning/r/Workload__c/aBJKf000004ZAg6OAG/view"", ""Sinova - Dados"")","=HYPERLINK(""https://vector.lightning.force.com/lightning/r/Opportunity/006Kf00000OQSz5IAH/view"", ""Sinova #OUT #GCP #Gemini Enterprise #BR + Dados"")",,Corporate,BR CORP,Analytics,0-2: Tech Eval/Solution Dev,2026-07-31,2026-10-15,"60,000.00"
"=HYPERLINK(""https://vector.lightning.force.com/lightning/r/Account/0014M00001uFlbSQAS/view"", ""VPN Soluçoes em TI LTDA"")","=HYPERLINK(""https://vector.lightning.force.com/lightning/r/Account/0014M00001hUd6JQAS/view"", ""SINAGRO PRODUTOS AGROPECUARIOS SA"")",2,"=HYPERLINK(""https://vector.lightning.force.com/lightning/r/Workload__c/aBJKf000004ZAgkOAG/view"", ""SINAGRO #LOOKER #GCP #OUT"")","=HYPERLINK(""https://vector.lightning.force.com/lightning/r/Opportunity/006Kf00000Op1iIIAR/view"", ""SINAGRO #LOOKER #GCP #OUT"")",,Corporate,BR CORP,Analytics,4.1: Pre Ramp / Mobilize,2026-09-18,2026-11-27,"30,000.00"
"=HYPERLINK(""https://vector.lightning.force.com/lightning/r/Account/0014M00001uFlbSQAS/view"", ""VPN Soluçoes em TI LTDA"")","=HYPERLINK(""https://vector.lightning.force.com/lightning/r/Account/0014M00001n6bFlQAI/view"", ""Americanas S.A."")",1,"=HYPERLINK(""https://vector.lightning.force.com/lightning/r/Workload__c/aBJKf000009W6anOAC/view"", ""AI Agentes Americanas"")","=HYPERLINK(""https://vector.lightning.force.com/lightning/r/Opportunity/006Kf00000OebjrIAB/view"", ""AI Agentes Americanas"")","=HYPERLINK(""https://vector.lightning.force.com/lightning/r/Expert_Request__c/aAuKf000000PT1OKAW/view"", ""ER-477844"")",Brazil,Retail & CPG,Build with AI,4.3: Migrated/Implemented,2026-05-18,2026-05-29,"200,000.00"
"=HYPERLINK(""https://vector.lightning.force.com/lightning/r/Account/0014M00001uFlbSQAS/view"", ""VPN Soluçoes em TI LTDA"")","=HYPERLINK(""https://vector.lightning.force.com/lightning/r/Account/001Kf000011Y8QkIAK/view"", ""UJJI LTD"")",3,"=HYPERLINK(""https://vector.lightning.force.com/lightning/r/Workload__c/aBJKf000009eDbJOAU/view"", ""Ujji # GCP #GenAI #Vertex"")","=HYPERLINK(""https://vector.lightning.force.com/lightning/r/Opportunity/006Kf00000LjY1tIAF/view"", ""Ujji #GCP #GenAi #Vertex"")",,Brazil,Brazil DN,Build with AI,4.2: Ramping / Deliver,2026-04-27,2026-08-28,"172,439.00"
"=HYPERLINK(""https://vector.lightning.force.com/lightning/r/Account/0014M00001uFlbSQAS/view"", ""VPN Soluçoes em TI LTDA"")","=HYPERLINK(""https://vector.lightning.force.com/lightning/r/Account/0014M00001hjzOZQAY/view"", ""Comexport Trading Comércio Exterior Ltda"")",1,"=HYPERLINK(""https://vector.lightning.force.com/lightning/r/Workload__c/aBJKf000009W6aTOAS/view"", ""Data & AI Agents Expand"")","=HYPERLINK(""https://vector.lightning.force.com/lightning/r/Opportunity/006Kf00000OebjNIAR/view"", ""AI Agents & Data"")",,Brazil,Retail & CPG,Build with AI,3:  Proposal / Negotiation,2026-07-23,2026-08-14,"80,000.00"
"=HYPERLINK(""https://vector.lightning.force.com/lightning/r/Account/0014M00001uFlbSQAS/view"", ""VPN Soluçoes em TI LTDA"")","=HYPERLINK(""https://vector.lightning.force.com/lightning/r/Account/0014M00001hkBIfQAM/view"", ""Casa Granado Laboratorios Farmacias e Drogarias S A"")",2,"=HYPERLINK(""https://vector.lightning.force.com/lightning/r/Workload__c/aBJKf000009kEMxOAM/view"", ""Granado | ML"")","=HYPERLINK(""https://vector.lightning.force.com/lightning/r/Opportunity/006Kf00000ORPWqIAP/view"", ""Granado | P&D [Previsão de Teste de Estabilidade]"")",,Corporate,BR CORP,Build with AI,4.2: Ramping / Deliver,2026-08-03,2026-10-19,"55,000.00"
"=HYPERLINK(""https://vector.lightning.force.com/lightning/r/Account/0014M00001uFlbSQAS/view"", ""VPN Soluçoes em TI LTDA"")","=HYPERLINK(""https://vector.lightning.force.com/lightning/r/Account/0014M00001hiesLQAQ/view"", ""Atlântica Hotels International (Brasil) Ltda."")",2,"=HYPERLINK(""https://vector.lightning.force.com/lightning/r/Workload__c/aBJKf000004Z9qdOAC/view"", ""AHI - API"")","=HYPERLINK(""https://vector.lightning.force.com/lightning/r/Opportunity/006Kf00000NSVm1IAH/view"", ""Atlântica Hotels International #GCP #OUT #Integration #API"")",,Corporate,BR CORP,Customer Engagement,0-2: Tech Eval/Solution Dev,2026-08-26,2026-09-29,"30,000.00"
"=HYPERLINK(""https://vector.lightning.force.com/lightning/r/Account/0014M00001uFlbSQAS/view"", ""VPN Soluçoes em TI LTDA"")","=HYPERLINK(""https://vector.lightning.force.com/lightning/r/Account/0014M00001hkBIfQAM/view"", ""Casa Granado Laboratorios Farmacias e Drogarias S A"")",2,"=HYPERLINK(""https://vector.lightning.force.com/lightning/r/Workload__c/aBJKf000009kEOAOA2/view"", ""Granado | ML Precificacao Ecommerce"")","=HYPERLINK(""https://vector.lightning.force.com/lightning/r/Opportunity/006Kf00000OIr9zIAD/view"", ""CASA GRANADO - ML PRECIFICAÇAO E-COMMERCE"")",,Corporate,BR CORP,Build with AI,0-2: Tech Eval/Solution Dev,2026-09-27,2026-11-30,"20,000.00"
"=HYPERLINK(""https://vector.lightning.force.com/lightning/r/Account/0014M00001uFlbSQAS/view"", ""VPN Soluçoes em TI LTDA"")","=HYPERLINK(""https://vector.lightning.force.com/lightning/r/Account/0014M00001h5VPNQA2/view"", ""Innovaro"")",2,"=HYPERLINK(""https://vector.lightning.force.com/lightning/r/Workload__c/aBJKf000009onuzOAA/view"", ""Infra Modernization"")","=HYPERLINK(""https://vector.lightning.force.com/lightning/r/Opportunity/006Kf00000Oss61IAB/view"", ""Innovaro #GCP Commit"")",,Corporate,BR CORP,Build with AI,3:  Proposal / Negotiation,2026-09-14,2026-10-12,"135,000.00"
"=HYPERLINK(""https://vector.lightning.force.com/lightning/r/Account/0014M00001uFlbSQAS/view"", ""VPN Soluçoes em TI LTDA"")","=HYPERLINK(""https://vector.lightning.force.com/lightning/r/Account/0014M00001hMvJ8QAK/view"", ""MARAJO REDE DE SERVICOS S/A"")",2,"=HYPERLINK(""https://vector.lightning.force.com/lightning/r/Workload__c/aBJKf000009eCeNOAU/view"", ""Grupo Marajó #MIGRAÇÃO #GCP #OUT"")","=HYPERLINK(""https://vector.lightning.force.com/lightning/r/Opportunity/006Kf00000NSk2VIAT/view"", ""Grupo Marajó #MIGRAÇÃO #GCP #OUT(Azure / AWS)"")",,Corporate,BR CORP,Migrate and Modernize Databases,4.2: Ramping / Deliver,2026-07-31,2026-09-30,"60,000.00"
"=HYPERLINK(""https://vector.lightning.force.com/lightning/r/Account/0014M00001uFlbSQAS/view"", ""VPN Soluçoes em TI LTDA"")","=HYPERLINK(""https://vector.lightning.force.com/lightning/r/Account/0014M00001hUd6JQAS/view"", ""SINAGRO PRODUTOS AGROPECUARIOS SA"")",2,"=HYPERLINK(""https://vector.lightning.force.com/lightning/r/Workload__c/aBJKf000009eChqOAE/view"", ""Sinova #OUT #GCP #Gemini Enterprise"")","=HYPERLINK(""https://vector.lightning.force.com/lightning/r/Opportunity/006Kf00000OQSz5IAH/view"", ""Sinova #OUT #GCP #Gemini Enterprise #BR + Dados"")","=HYPERLINK(""https://vector.lightning.force.com/lightning/r/Expert_Request__c/aAuKf0000004DptKAE/view"", ""ER-473432"")",Corporate,BR CORP,Build with AI,0-2: Tech Eval/Solution Dev,2026-07-31,2026-08-31,"60,000.00"
"=HYPERLINK(""https://vector.lightning.force.com/lightning/r/Account/0014M00001uFlbSQAS/view"", ""VPN Soluçoes em TI LTDA"")","=HYPERLINK(""https://vector.lightning.force.com/lightning/r/Account/0014M00001hMvJ8QAK/view"", ""MARAJO REDE DE SERVICOS S/A"")",2,"=HYPERLINK(""https://vector.lightning.force.com/lightning/r/Workload__c/aBJKf000009eCotOAE/view"", ""MARAJO-IA ( Dados + predição de preços com IA)"")","=HYPERLINK(""https://vector.lightning.force.com/lightning/r/Opportunity/006Kf00000ORQWdIAP/view"", ""MARAJO - EA ( Dados + predição de preços com IA)"")",,Corporate,BR CORP,Analytics,4.2: Ramping / Deliver,2026-06-30,2026-08-31,"10,000.00"
"=HYPERLINK(""https://vector.lightning.force.com/lightning/r/Account/0014M00001uFlbSQAS/view"", ""VPN Soluçoes em TI LTDA"")","=HYPERLINK(""https://vector.lightning.force.com/lightning/r/Account/0014M00001hrXliQAE/view"", ""Reifen Investimentos e Participacoes Empresariais Ltda"")",2,"=HYPERLINK(""https://vector.lightning.force.com/lightning/r/Workload__c/aBJKf000009onjNOAQ/view"", ""Gemini Enterprise"")","=HYPERLINK(""https://vector.lightning.force.com/lightning/r/Opportunity/006Kf00000OYmvoIAD/view"", ""Gemini Enterprise"")",,Corporate,BR CORP,Build with AI,0-2: Tech Eval/Solution Dev,2026-08-03,2026-09-07,"120,000.00"
"=HYPERLINK(""https://vector.lightning.force.com/lightning/r/Account/0014M00001uFlbSQAS/view"", ""VPN Soluçoes em TI LTDA"")","=HYPERLINK(""https://vector.lightning.force.com/lightning/r/Account/0014M00001higWwQAI/view"", ""FAST2 MINE TECNOLOGIA E DESENVOLVIMENTO DE SISTEMAS LTDA"")",2,"=HYPERLINK(""https://vector.lightning.force.com/lightning/r/Workload__c/aBJKf000009onjXOAQ/view"", ""Gemini Enterprise"")","=HYPERLINK(""https://vector.lightning.force.com/lightning/r/Opportunity/006Kf00000OYmwjIAD/view"", ""Fast2mine - Gemini Enterprise"")",,Corporate,BR CORP,Build with AI,0-2: Tech Eval/Solution Dev,2026-09-22,2026-11-16,"85,000.00"
"=HYPERLINK(""https://vector.lightning.force.com/lightning/r/Account/0014M00001uFlbSQAS/view"", ""VPN Soluçoes em TI LTDA"")","=HYPERLINK(""https://vector.lightning.force.com/lightning/r/Account/0014M00001hrXliQAE/view"", ""Reifen Investimentos e Participacoes Empresariais Ltda"")",2,"=HYPERLINK(""https://vector.lightning.force.com/lightning/r/Workload__c/aBJKf000009onjSOAQ/view"", ""Infra Modernization"")","=HYPERLINK(""https://vector.lightning.force.com/lightning/r/Opportunity/006Kf00000OYmvjIAD/view"", ""Infra Modernization"")",,Corporate,BR CORP,Build with AI,0-2: Tech Eval/Solution Dev,2026-08-03,2026-08-28,"85,000.00"
"=HYPERLINK(""https://vector.lightning.force.com/lightning/r/Account/0014M00001uFlbSQAS/view"", ""VPN Soluçoes em TI LTDA"")","=HYPERLINK(""https://vector.lightning.force.com/lightning/r/Account/0014M00001hvUAvQAM/view"", ""Grupo Poly"")",2,"=HYPERLINK(""https://vector.lightning.force.com/lightning/r/Workload__c/aBJKf000009onjIOAQ/view"", ""Grupo Poly - Infra Modernization"")","=HYPERLINK(""https://vector.lightning.force.com/lightning/r/Opportunity/006Kf00000OYmvKIAT/view"", ""Grupo Poly - Infra AI"")",,Corporate,BR CORP,Build with AI,3:  Proposal / Negotiation,2026-08-12,2026-09-24,"75,000.00"
"=HYPERLINK(""https://vector.lightning.force.com/lightning/r/Account/0014M00001uFlbSQAS/view"", ""VPN Soluçoes em TI LTDA"")","=HYPERLINK(""https://vector.lightning.force.com/lightning/r/Account/0014M00001hvUAvQAM/view"", ""Grupo Poly"")",2,"=HYPERLINK(""https://vector.lightning.force.com/lightning/r/Workload__c/aBJKf000009onjDOAQ/view"", ""Gemini Enterprise"")","=HYPERLINK(""https://vector.lightning.force.com/lightning/r/Opportunity/006Kf00000OYmvUIAT/view"", ""Grupo Poly - Gemini Enterprise"")",,Corporate,BR CORP,Build with AI,0-2: Tech Eval/Solution Dev,2026-09-07,2026-10-13,"40,000.00"
"=HYPERLINK(""https://vector.lightning.force.com/lightning/r/Account/0014M00001uFlbSQAS/view"", ""VPN Soluçoes em TI LTDA"")","=HYPERLINK(""https://vector.lightning.force.com/lightning/r/Account/0014M00001n6TvpQAE/view"", ""AGREX DO BRASIL S.A."")",2,"=HYPERLINK(""https://vector.lightning.force.com/lightning/r/Workload__c/aBJKf000009eCPwOAM/view"", ""Gemini Enteprise - 600 seatss"")","=HYPERLINK(""https://vector.lightning.force.com/lightning/r/Opportunity/006Kf00000NSfDVIA1/view"", ""AGREX - Gemini Enterprise"")",,Corporate,BR CORP,Build with AI,3:  Proposal / Negotiation,2026-05-29,2026-08-30,"250,000.00"
"=HYPERLINK(""https://vector.lightning.force.com/lightning/r/Account/0014M00001uFlbSQAS/view"", ""VPN Soluçoes em TI LTDA"")","=HYPERLINK(""https://vector.lightning.force.com/lightning/r/Account/0014M00001hMvJ8QAK/view"", ""MARAJO REDE DE SERVICOS S/A"")",2,"=HYPERLINK(""https://vector.lightning.force.com/lightning/r/Workload__c/aBJKf000009eAyyOAE/view"", ""MARAJO IA"")","=HYPERLINK(""https://vector.lightning.force.com/lightning/r/Opportunity/006Kf00000ORQWdIAP/view"", ""MARAJO - EA ( Dados + predição de preços com IA)"")","=HYPERLINK(""https://vector.lightning.force.com/lightning/r/Expert_Request__c/aAuKf0000004Dp4KAE/view"", ""ER-473414"")",Corporate,BR CORP,Build with AI,4.2: Ramping / Deliver,2026-09-30,2026-09-30,"20,000.00"
"=HYPERLINK(""https://vector.lightning.force.com/lightning/r/Account/0014M00001uFlbSQAS/view"", ""VPN Soluçoes em TI LTDA"")","=HYPERLINK(""https://vector.lightning.force.com/lightning/r/Account/0014M00001hisUPQAY/view"", ""REDE FROTA SOLUTIONS LTDA"")",2,"=HYPERLINK(""https://vector.lightning.force.com/lightning/r/Workload__c/aBJKf000009e9oIOAQ/view"", ""Workload - Producão - Rede Frota"")","=HYPERLINK(""https://vector.lightning.force.com/lightning/r/Opportunity/006Kf00000Om6rfIAB/view"", ""Rede Frota - Workload infra"")",,Corporate,BR CORP,Migrate Modernize and Build,4.3: Migrated/Implemented,2026-08-28,2026-08-28,"70,000.00"
"=HYPERLINK(""https://vector.lightning.force.com/lightning/r/Account/0014M00001uFlbSQAS/view"", ""VPN Soluçoes em TI LTDA"")","=HYPERLINK(""https://vector.lightning.force.com/lightning/r/Account/0014M00001hMvJ8QAK/view"", ""MARAJO REDE DE SERVICOS S/A"")",2,"=HYPERLINK(""https://vector.lightning.force.com/lightning/r/Workload__c/aBJKf000009e9neOAA/view"", ""Gemini Enterprise - Rede Marajó"")","=HYPERLINK(""https://vector.lightning.force.com/lightning/r/Opportunity/006Kf00000OTaOVIA1/view"", ""Gemini Enterprise - Rede Marajó"")","=HYPERLINK(""https://vector.lightning.force.com/lightning/r/Expert_Request__c/aAuKf000000TYiQKAW/view"", ""ER-497832"")",Corporate,BR CORP,Build with AI,4.2: Ramping / Deliver,2026-07-30,2026-08-28,"63,000.00"
"=HYPERLINK(""https://vector.lightning.force.com/lightning/r/Account/0014M00001uFlbSQAS/view"", ""VPN Soluçoes em TI LTDA"")","=HYPERLINK(""https://vector.lightning.force.com/lightning/r/Account/0014M00001hY61hQAC/view"", ""Ancar Administradora de Shopping Centers"")",2,"=HYPERLINK(""https://vector.lightning.force.com/lightning/r/Workload__c/aBJKf000009olm8OAA/view"", ""Ancar | Vertex AI"")","=HYPERLINK(""https://vector.lightning.force.com/lightning/r/Opportunity/006Kf00000ORQbdIAH/view"", ""Ancar | Agentes de IA"")",,Corporate,BR CORP,,0-2: Tech Eval/Solution Dev,,,"10,000.00"
"=HYPERLINK(""https://vector.lightning.force.com/lightning/r/Account/0014M00001uFlbSQAS/view"", ""VPN Soluçoes em TI LTDA"")","=HYPERLINK(""https://vector.lightning.force.com/lightning/r/Account/0014M00001hiesLQAQ/view"", ""Atlântica Hotels International (Brasil) Ltda."")",2,"=HYPERLINK(""https://vector.lightning.force.com/lightning/r/Workload__c/aBJKf000009e6kNOAQ/view"", ""AHI - AgentOps"")","=HYPERLINK(""https://vector.lightning.force.com/lightning/r/Opportunity/006Kf00000NSPanIAH/view"", ""Atlântica Hotels International (Brasil) Ltda. #GCP #AgentOps"")",,Corporate,BR CORP,Build with AI,0-2: Tech Eval/Solution Dev,2026-08-28,2026-09-25,"30,000.00"
"=HYPERLINK(""https://vector.lightning.force.com/lightning/r/Account/0014M00001uFlbSQAS/view"", ""VPN Soluçoes em TI LTDA"")","=HYPERLINK(""https://vector.lightning.force.com/lightning/r/Account/0014M00001h5VPNQA2/view"", ""Innovaro"")",2,"=HYPERLINK(""https://vector.lightning.force.com/lightning/r/Workload__c/aBJKf000009e5ivOAA/view"", ""Innovaro - BQ"")","=HYPERLINK(""https://vector.lightning.force.com/lightning/r/Opportunity/006Kf00000NSLKGIA5/view"", ""Innovaro #GCP #BigQuery #DATA"")",,Corporate,BR CORP,Analytics,0-2: Tech Eval/Solution Dev,2026-08-31,2026-09-25,"85,000.00"
"=HYPERLINK(""https://vector.lightning.force.com/lightning/r/Account/0014M00001uFlbSQAS/view"", ""VPN Soluçoes em TI LTDA"")","=HYPERLINK(""https://vector.lightning.force.com/lightning/r/Account/0014M00001h5VPNQA2/view"", ""Innovaro"")",2,"=HYPERLINK(""https://vector.lightning.force.com/lightning/r/Workload__c/aBJKf000009e5XgOAI/view"", ""Innovaro - Gemini Enterprise"")","=HYPERLINK(""https://vector.lightning.force.com/lightning/r/Opportunity/006Kf00000NSLJ8IAP/view"", ""Innovaro #GCP #GEMINIENT #AI"")","=HYPERLINK(""https://vector.lightning.force.com/lightning/r/Expert_Request__c/aAuKf000000TX3HKAW/view"", ""ER-489973"")",Corporate,BR CORP,Build with AI,3:  Proposal / Negotiation,2026-09-16,2026-11-02,"35,000.00"
"=HYPERLINK(""https://vector.lightning.force.com/lightning/r/Account/0014M00001uFlbSQAS/view"", ""VPN Soluçoes em TI LTDA"")","=HYPERLINK(""https://vector.lightning.force.com/lightning/r/Account/0014M00001h5kT9QAI/view"", ""Banco Rendimento"")",2,"=HYPERLINK(""https://vector.lightning.force.com/lightning/r/Workload__c/aBJKf000009e5Y0OAI/view"", ""Banco Rendimento - Marketing Analytics (Prospecção VPN)"")","=HYPERLINK(""https://vector.lightning.force.com/lightning/r/Opportunity/006Kf00000ORR0tIAH/view"", ""Banco Rendimento - Mkt Analytics"")",,Corporate,BR CORP,Analytics,0-2: Tech Eval/Solution Dev,2027-01-25,2027-04-02,"20,000.00"
"=HYPERLINK(""https://vector.lightning.force.com/lightning/r/Account/0014M00001uFlbSQAS/view"", ""VPN Soluçoes em TI LTDA"")","=HYPERLINK(""https://vector.lightning.force.com/lightning/r/Account/0014M00001hrH69QAE/view"", ""PicPay Instituicao de Pagamento S/A"")",1,"=HYPERLINK(""https://vector.lightning.force.com/lightning/r/Workload__c/aBJKf000009e4l8OAA/view"", ""PicPay - Gemini Enterprise 4,000 Ramped #AWT Strategy Pre-Renew GWS"")","=HYPERLINK(""https://vector.lightning.force.com/lightning/r/Opportunity/006Kf00000OQwpQIAT/view"", ""PicPay - AWT - Gemini Enterprise #FY26_AWT_Renewal"")",,Brazil,FSI,Build with AI,0-2: Tech Eval/Solution Dev,2026-10-01,2026-10-01,"360,000.00"
"=HYPERLINK(""https://vector.lightning.force.com/lightning/r/Account/0014M00001uFlbSQAS/view"", ""VPN Soluçoes em TI LTDA"")","=HYPERLINK(""https://vector.lightning.force.com/lightning/r/Account/0014M00001hMvJ8QAK/view"", ""MARAJO REDE DE SERVICOS S/A"")",2,"=HYPERLINK(""https://vector.lightning.force.com/lightning/r/Workload__c/aBJKf000009e41jOAA/view"", ""Pegapontos | Move2GCP (Azure / Algar)"")","=HYPERLINK(""https://vector.lightning.force.com/lightning/r/Opportunity/006Kf00000NzWvfIAF/view"", ""Pegapontos ( G, Marajó) | Move2GCP"")",,Corporate,BR CORP,Migrate and Modernize Databases,3:  Proposal / Negotiation,2026-09-25,2026-10-26,"48,000.00"
"=HYPERLINK(""https://vector.lightning.force.com/lightning/r/Account/0014M00001uFlbSQAS/view"", ""VPN Soluçoes em TI LTDA"")","=HYPERLINK(""https://vector.lightning.force.com/lightning/r/Account/001Kf000012k1R0IAI/view"", ""BANLEK SERVICOS AUDIOVISUAIS LTDA"")",3,"=HYPERLINK(""https://vector.lightning.force.com/lightning/r/Workload__c/aBJKf000009tTpyOAE/view"", ""Recognition for Banlek"")","=HYPERLINK(""https://vector.lightning.force.com/lightning/r/Opportunity/006Kf00000NS6jaIAD/view"", ""Banlek - #VertexAI #GPU #Recognition #SalesCreditPOC"")","=HYPERLINK(""https://vector.lightning.force.com/lightning/r/Expert_Request__c/aAuKf000000tvb4KAA/view"", ""ER-469596"")",Brazil,Brazil DN,Infra AI,4.2: Ramping / Deliver,2026-08-03,2026-10-02,"300,000.00"
"=HYPERLINK(""https://vector.lightning.force.com/lightning/r/Account/0014M00001uFlbSQAS/view"", ""VPN Soluçoes em TI LTDA"")","=HYPERLINK(""https://vector.lightning.force.com/lightning/r/Account/0014M00001n6TvpQAE/view"", ""AGREX DO BRASIL S.A."")",2,"=HYPERLINK(""https://vector.lightning.force.com/lightning/r/Workload__c/aBJKf000009e1GhOAI/view"", ""AGREX DO BRASIL - #Analytics"")","=HYPERLINK(""https://vector.lightning.force.com/lightning/r/Opportunity/006Kf00000OEuShIAL/view"", ""AGREX DO BRASIL LTDA - Data Analytics e GE"")",,Corporate,BR CORP,Analytics,4.3: Migrated/Implemented,2026-04-24,2026-06-29,"70,000.00"
"=HYPERLINK(""https://vector.lightning.force.com/lightning/r/Account/0014M00001uFlbSQAS/view"", ""VPN Soluçoes em TI LTDA"")","=HYPERLINK(""https://vector.lightning.force.com/lightning/r/Account/0014M00001huFSVQA2/view"", ""Banco Fibra"")",2,"=HYPERLINK(""https://vector.lightning.force.com/lightning/r/Workload__c/aBJKf000009tSm0OAE/view"", ""[Banco Fibra] #Gemini Enterprise | 100 seats"")","=HYPERLINK(""https://vector.lightning.force.com/lightning/r/Opportunity/006Kf00000OF82OIAT/view"", ""[Banco Fibra] #Gemini Enterprise | 100 seats"")","=HYPERLINK(""https://vector.lightning.force.com/lightning/r/Expert_Request__c/aAuKf000000trYkKAI/view"", ""ER-459708"")",Corporate,BR CORP,Developer AI Assistance,3:  Proposal / Negotiation,2026-07-10,2026-07-17,"41,580.00"
"=HYPERLINK(""https://vector.lightning.force.com/lightning/r/Account/0014M00001uFlbSQAS/view"", ""VPN Soluçoes em TI LTDA"")","=HYPERLINK(""https://vector.lightning.force.com/lightning/r/Account/0014M00001hqAtpQAE/view"", ""Grupo Fleury"")",1,"=HYPERLINK(""https://vector.lightning.force.com/lightning/r/Workload__c/aBJKf000009tQWZOA2/view"", ""Fleury - Data Analytics BQ Expansion - Data for Insights"")","=HYPERLINK(""https://vector.lightning.force.com/lightning/r/Opportunity/006Kf00000NRx9sIAD/view"", ""Fleury - Data Analytics BQ Expansion - Data for Insights"")",,Brazil,Health,Analytics,0-2: Tech Eval/Solution Dev,2026-09-29,2026-11-30,"84,000.00"
"=HYPERLINK(""https://vector.lightning.force.com/lightning/r/Account/0014M00001uFlbSQAS/view"", ""VPN Soluçoes em TI LTDA"")","=HYPERLINK(""https://vector.lightning.force.com/lightning/r/Account/0014M00001hkBIfQAM/view"", ""Casa Granado Laboratorios Farmacias e Drogarias S A"")",2,"=HYPERLINK(""https://vector.lightning.force.com/lightning/r/Workload__c/aBJKf000009ogalOAA/view"", ""Granado | Looker"")","=HYPERLINK(""https://vector.lightning.force.com/lightning/r/Opportunity/006Kf00000N5eQoIAJ/view"", ""Granado - Looker"")","=HYPERLINK(""https://vector.lightning.force.com/lightning/r/Expert_Request__c/aAuKf000000HQskKAG/view"", ""ER-457333"")",Corporate,BR CORP,Analytics,3:  Proposal / Negotiation,2026-09-04,2026-10-02,"60,000.00"
"=HYPERLINK(""https://vector.lightning.force.com/lightning/r/Account/0014M00001uFlbSQAS/view"", ""VPN Soluçoes em TI LTDA"")","=HYPERLINK(""https://vector.lightning.force.com/lightning/r/Account/0014M00001hq793QAA/view"", ""Apex Partners"")",3,"=HYPERLINK(""https://vector.lightning.force.com/lightning/r/Workload__c/aBJKf000006AEJ8OAO/view"", ""#Dados #GE"")","=HYPERLINK(""https://vector.lightning.force.com/lightning/r/Opportunity/006Kf00000KrCxsIAF/view"", ""#Apex #Data #Gemini Enterprise"")",,Brazil,Brazil DN,Analytics,4.3: Migrated/Implemented,2026-02-02,2026-04-20,"48,518.40"
"=HYPERLINK(""https://vector.lightning.force.com/lightning/r/Account/0014M00001uFlbSQAS/view"", ""VPN Soluçoes em TI LTDA"")","=HYPERLINK(""https://vector.lightning.force.com/lightning/r/Account/0014M00001rbM4iQAE/view"", ""Afya Educacional"")",1,"=HYPERLINK(""https://vector.lightning.force.com/lightning/r/Workload__c/aBJKf000009dwh2OAA/view"", ""Afya | Whitebook WB Assist [OpenAI migration and evaluation]"")","=HYPERLINK(""https://vector.lightning.force.com/lightning/r/Opportunity/006Kf00000MeyZkIAJ/view"", ""Afya | Whitebook WB Assist Conversational [OpenAI migration and evaluation]"")",,PS,EDU PS,Build with AI,0-2: Tech Eval/Solution Dev,2026-08-06,2026-08-28,"731,122.00"
"=HYPERLINK(""https://vector.lightning.force.com/lightning/r/Account/0014M00001uFlbSQAS/view"", ""VPN Soluçoes em TI LTDA"")","=HYPERLINK(""https://vector.lightning.force.com/lightning/r/Account/0014M00001hXy8VQAS/view"", ""Vulcabrás Azaléia S/A."")",2,"=HYPERLINK(""https://vector.lightning.force.com/lightning/r/Workload__c/aBJKf000009dv9lOAA/view"", ""Vulcabras - Vertex AI"")","=HYPERLINK(""https://vector.lightning.force.com/lightning/r/Opportunity/006Kf00000NQuBpIAL/view"", ""#Vulcabrás Azaléia #Gemini #Outbound"")","=HYPERLINK(""https://vector.lightning.force.com/lightning/r/Expert_Request__c/aAuKf000000PEMbKAO/view"", ""ER-444320"")",Corporate,BR CORP,Build with AI,3:  Proposal / Negotiation,2026-06-30,2026-07-29,"120,000.00"
"=HYPERLINK(""https://vector.lightning.force.com/lightning/r/Account/0014M00001uFlbSQAS/view"", ""VPN Soluçoes em TI LTDA"")","=HYPERLINK(""https://vector.lightning.force.com/lightning/r/Account/0014M00001hlw95QAA/view"", ""FINANZERO BRASIL SERVICOS ONLINE LTDA"")",3,"=HYPERLINK(""https://vector.lightning.force.com/lightning/r/Workload__c/aBJKf000009odcPOAQ/view"", ""FINANZERO - Gemini"")","=HYPERLINK(""https://vector.lightning.force.com/lightning/r/Opportunity/006Kf00000LjcJmIAJ/view"", ""Flex - Finanzero - 2026"")",,Brazil,Brazil DN,Migrate Modernize and Build,4.3: Migrated/Implemented,2026-01-11,2026-02-22,"30,000.00"
"=HYPERLINK(""https://vector.lightning.force.com/lightning/r/Account/0014M00001uFlbSQAS/view"", ""VPN Soluçoes em TI LTDA"")","=HYPERLINK(""https://vector.lightning.force.com/lightning/r/Account/0014M00001hlw95QAA/view"", ""FINANZERO BRASIL SERVICOS ONLINE LTDA"")",3,"=HYPERLINK(""https://vector.lightning.force.com/lightning/r/Workload__c/aBJKf000009od35OAA/view"", ""FINANZERO - Flex"")","=HYPERLINK(""https://vector.lightning.force.com/lightning/r/Opportunity/006Kf00000LjcJmIAJ/view"", ""Flex - Finanzero - 2026"")",,Brazil,Brazil DN,Migrate Modernize and Build,4.3: Migrated/Implemented,2026-01-04,2026-01-25,"25,000.00"
"=HYPERLINK(""https://vector.lightning.force.com/lightning/r/Account/0014M00001uFlbSQAS/view"", ""VPN Soluçoes em TI LTDA"")","=HYPERLINK(""https://vector.lightning.force.com/lightning/r/Account/0014M00001rbM4iQAE/view"", ""Afya Educacional"")",1,"=HYPERLINK(""https://vector.lightning.force.com/lightning/r/Workload__c/aBJKf000009tHFxOAM/view"", ""Afya | iClinic Transcription & Summarization Features | SPM"")","=HYPERLINK(""https://vector.lightning.force.com/lightning/r/Opportunity/006Kf00000MvfpcIAB/view"", ""Afya | iClinic Transcription & Summarization Features | SPM #SalesCreditPOC"")","=HYPERLINK(""https://vector.lightning.force.com/lightning/r/Expert_Request__c/aAuKf000000tbiyKAA/view"", ""ER-421545"")",PS,EDU PS,Build with AI,4.3: Migrated/Implemented,2025-11-20,2026-01-26,"270,000.00"
"=HYPERLINK(""https://vector.lightning.force.com/lightning/r/Account/0014M00001uFlbSQAS/view"", ""VPN Soluçoes em TI LTDA"")","=HYPERLINK(""https://vector.lightning.force.com/lightning/r/Account/0014M00001hY0zGQAS/view"", ""Valid SA"")",1,"=HYPERLINK(""https://vector.lightning.force.com/lightning/r/Workload__c/aBJKf000009tGspOAE/view"", ""Flexdoc - Gemini PT + Vertex MLOps"")","=HYPERLINK(""https://vector.lightning.force.com/lightning/r/Opportunity/006Kf00000MvKMHIA3/view"", ""Flexdoc - Gemini PT + Vertex MLOps"")","ER-420007, ER-420005",Brazil,Multi Industry,Build with AI,4.3: Migrated/Implemented,2026-06-01,2026-07-31,"120,000.00"
"=HYPERLINK(""https://vector.lightning.force.com/lightning/r/Account/0014M00001uFlbSQAS/view"", ""VPN Soluçoes em TI LTDA"")","=HYPERLINK(""https://vector.lightning.force.com/lightning/r/Account/0014M00001hff4DQAQ/view"", ""Blu Licenciamentos e Participacoes S/A"")",2,"=HYPERLINK(""https://vector.lightning.force.com/lightning/r/Workload__c/aBJKf000009obKsOAI/view"", ""Grupo Dass #Azure to GCP"")","=HYPERLINK(""https://vector.lightning.force.com/lightning/r/Opportunity/006Kf00000Op5clIAB/view"", ""[Grupo Dass] #Azure to GCP Q4"")",,Corporate,BR CORP,Migrate Modernize and Build,0-2: Tech Eval/Solution Dev,2026-11-06,2026-11-30,"120,000.00"
"=HYPERLINK(""https://vector.lightning.force.com/lightning/r/Account/0014M00001uFlbSQAS/view"", ""VPN Soluçoes em TI LTDA"")","=HYPERLINK(""https://vector.lightning.force.com/lightning/r/Account/0014M00001rbM4iQAE/view"", ""Afya Educacional"")",1,"=HYPERLINK(""https://vector.lightning.force.com/lightning/r/Workload__c/aBJKf000009tEjROAU/view"", ""Afya | Whitebook WB Assist [LLM Juiz]"")","=HYPERLINK(""https://vector.lightning.force.com/lightning/r/Opportunity/006Kf00000MeyZkIAJ/view"", ""Afya | Whitebook WB Assist Conversational [OpenAI migration and evaluation]"")","ER-412872, ER-431368",PS,EDU PS,Build with AI,4.3: Migrated/Implemented,2026-01-14,2026-01-29,"47,000.00"
"=HYPERLINK(""https://vector.lightning.force.com/lightning/r/Account/0014M00001uFlbSQAS/view"", ""VPN Soluçoes em TI LTDA"")","=HYPERLINK(""https://vector.lightning.force.com/lightning/r/Account/0014M00001rbM4iQAE/view"", ""Afya Educacional"")",1,"=HYPERLINK(""https://vector.lightning.force.com/lightning/r/Workload__c/aBJKf000009tCUuOAM/view"", ""Afya | Educon's team - Audiobooks e Podcast | Voice Chirp3 VertexAI"")","=HYPERLINK(""https://vector.lightning.force.com/lightning/r/Opportunity/006Kf00000MKZohIAH/view"", ""Afya | Educon's team | Podcast API"")",,PS,EDU PS,Build with AI,4.3: Migrated/Implemented,2026-04-06,2026-04-22,"3,000.00"
"=HYPERLINK(""https://vector.lightning.force.com/lightning/r/Account/0014M00001uFlbSQAS/view"", ""VPN Soluçoes em TI LTDA"")","=HYPERLINK(""https://vector.lightning.force.com/lightning/r/Account/0014M00001hkBIfQAM/view"", ""Casa Granado Laboratorios Farmacias e Drogarias S A"")",2,"=HYPERLINK(""https://vector.lightning.force.com/lightning/r/Workload__c/aBJKf0000082FKAOA2/view"", ""Granado I Data Normalization AI"")","=HYPERLINK(""https://vector.lightning.force.com/lightning/r/Opportunity/006Kf00000L5g8aIAB/view"", ""Granado | Datalake"")",,Corporate,BR CORP,Build with AI,4.3: Migrated/Implemented,2025-09-15,2025-10-10,"61,128.00"
"=HYPERLINK(""https://vector.lightning.force.com/lightning/r/Account/0014M00001uFlbSQAS/view"", ""VPN Soluçoes em TI LTDA"")","=HYPERLINK(""https://vector.lightning.force.com/lightning/r/Account/0014M00001hkBIfQAM/view"", ""Casa Granado Laboratorios Farmacias e Drogarias S A"")",2,"=HYPERLINK(""https://vector.lightning.force.com/lightning/r/Workload__c/aBJKf0000082FK5OAM/view"", ""Granado I Bigquery"")","=HYPERLINK(""https://vector.lightning.force.com/lightning/r/Opportunity/006Kf00000L5g8aIAB/view"", ""Granado | Datalake"")",,Corporate,BR CORP,Analytics,4.3: Migrated/Implemented,2025-09-15,2025-11-03,"11,604.00"
"=HYPERLINK(""https://vector.lightning.force.com/lightning/r/Account/0014M00001uFlbSQAS/view"", ""VPN Soluçoes em TI LTDA"")","=HYPERLINK(""https://vector.lightning.force.com/lightning/r/Account/0014M00002MfbyQQAR/view"", ""Gran Cursos Online"")",1,"=HYPERLINK(""https://vector.lightning.force.com/lightning/r/Workload__c/aBJKf000009t9tdOAA/view"", ""GRAN - Projeto Degravações"")","=HYPERLINK(""https://vector.lightning.force.com/lightning/r/Opportunity/006Kf00000M4hCfIAJ/view"", ""GRAN - Projeto Degravações | GenAI VertexAI"")","ER-405946, ER-411841",PS,EDU PS,Build with AI,4.3: Migrated/Implemented,2026-01-05,2026-01-22,"120,000.00"
"=HYPERLINK(""https://vector.lightning.force.com/lightning/r/Account/0014M00001uFlbSQAS/view"", ""VPN Soluçoes em TI LTDA"")","=HYPERLINK(""https://vector.lightning.force.com/lightning/r/Account/0014M00001hrbt9QAA/view"", ""SWAP INSTITUICAO DE PAGAMENTO S.A."")",3,"=HYPERLINK(""https://vector.lightning.force.com/lightning/r/Workload__c/aBJKf000009oUddOAE/view"", ""SWAP | Flex (Agentspace)"")","=HYPERLINK(""https://vector.lightning.force.com/lightning/r/Opportunity/006Kf00000Jfj0WIAR/view"", ""SWAP - Flex Agreement"")",,Brazil,Brazil DN,Build with AI,4.3: Migrated/Implemented,2025-06-23,2025-08-15,"70,000.00"
"=HYPERLINK(""https://vector.lightning.force.com/lightning/r/Account/0014M00001uFlbSQAS/view"", ""VPN Soluçoes em TI LTDA"")","=HYPERLINK(""https://vector.lightning.force.com/lightning/r/Account/0014M00001rbM4iQAE/view"", ""Afya Educacional"")",1,"=HYPERLINK(""https://vector.lightning.force.com/lightning/r/Workload__c/aBJKf000009t4mpOAA/view"", ""Afya | VEO3 for Multimídia Hub in Educon's team"")","=HYPERLINK(""https://vector.lightning.force.com/lightning/r/Opportunity/006Kf00000LIOkAIAX/view"", ""Afya | VEO3 for Multimídia Hub in Educon's team"")","ER-384858, ER-457848",PS,EDU PS,Build with AI,4.3: Migrated/Implemented,2025-11-12,2026-03-26,"196,047.72"
"=HYPERLINK(""https://vector.lightning.force.com/lightning/r/Account/0014M00001uFlbSQAS/view"", ""VPN Soluçoes em TI LTDA"")","=HYPERLINK(""https://vector.lightning.force.com/lightning/r/Account/0014M00001rbM4iQAE/view"", ""Afya Educacional"")",1,"=HYPERLINK(""https://vector.lightning.force.com/lightning/r/Workload__c/aBJKf000009t1gHOAQ/view"", ""Afya | Whitebook Conversational Features | AI & Gemini Live"")","=HYPERLINK(""https://vector.lightning.force.com/lightning/r/Opportunity/006Kf00000KcAYEIA3/view"", ""Afya | Whitebook | Gemini Live"")",,PS,EDU PS,Build with AI,3:  Proposal / Negotiation,2026-08-31,2026-09-30,"386,032.56"
"=HYPERLINK(""https://vector.lightning.force.com/lightning/r/Account/0014M00001uFlbSQAS/view"", ""VPN Soluçoes em TI LTDA"")","=HYPERLINK(""https://vector.lightning.force.com/lightning/r/Account/0014M00001hULydQAG/view"", ""Blu Licenciamentos e Participacoes S/A"")",2,"=HYPERLINK(""https://vector.lightning.force.com/lightning/r/Workload__c/aBJKf000006A8hOOAS/view"", ""Osklen_VDI"")","=HYPERLINK(""https://vector.lightning.force.com/lightning/r/Opportunity/0064M00000bRKMvQAO/view"", ""Terras de Aventura (Osklen) #Inframode_GCP_Geo New Logo"")",,Corporate,BR CORP,Migrate Modernize and Build,4.3: Migrated/Implemented,2025-02-21,2025-02-28,"30,000.00"
