Customer Account Name,Workload Name,Opportunity Name,Expert Requests,Customer Sub Region,Customer Micro Region,Primary Workload Pillar,Workload Progress,Begin Migration Date,Production Date,Annual Gross Revenue (ARR USD)
"=HYPERLINK(""https://vector.lightning.force.com/lightning/r/Account/0014M00001hUBZqQAO/view"", ""Marisa Lojas S/A"")","=HYPERLINK(""https://vector.lightning.force.com/lightning/r/Workload__c/aBJKf000004ZOOgOAO/view"", ""Marisa Commit Direct 3Y"")","=HYPERLINK(""https://vector.lightning.force.com/lightning/r/Opportunity/006Kf00000PNoF9IAL/view"", ""Commit Marisa 3Y Direct"")",,Corporate,BR CORP,Analytics,0-2: Tech Eval/Solution Dev,2026-09-11,2027-01-29,"1,500,000.00"
"=HYPERLINK(""https://vector.lightning.force.com/lightning/r/Account/0014M00001hUEKQQA4/view"", ""PATRUS TRANSPORTES LTDA"")","=HYPERLINK(""https://vector.lightning.force.com/lightning/r/Workload__c/aBJKf000004ZOMLOA4/view"", ""Projeto de Inovação - Patrus (tier1) #AIMBH26"")","=HYPERLINK(""https://vector.lightning.force.com/lightning/r/Opportunity/006Kf00000ORNg5IAH/view"", ""Projeto de Inovação - Patrus (tier1) #AIMBH26"")",,Corporate,BR CORP,Build with AI,0-2: Tech Eval/Solution Dev,2026-09-30,2026-09-30,"80,000.00"
"=HYPERLINK(""https://vector.lightning.force.com/lightning/r/Account/0014M00001htWqyQAE/view"", ""Valgroup"")","=HYPERLINK(""https://vector.lightning.force.com/lightning/r/Workload__c/aBJKf000009eQoLOAU/view"", ""Valgroup - GE"")","=HYPERLINK(""https://vector.lightning.force.com/lightning/r/Opportunity/006Kf00000Of71uIAB/view"", ""Valgroup #GCP #GeminiEnterprise #MQL"")",,Corporate,BR CORP,Build with AI,3:  Proposal / Negotiation,2026-09-16,2026-09-29,"80,000.00"
"=HYPERLINK(""https://vector.lightning.force.com/lightning/r/Account/0014M00001hqeqJQAQ/view"", ""CBF - CONFEDERAÇÃO BRASILEIRA DE FUTEBOL"")","=HYPERLINK(""https://vector.lightning.force.com/lightning/r/Workload__c/aBJKf000009eQUGOA2/view"", ""CBF_IA"")","=HYPERLINK(""https://vector.lightning.force.com/lightning/r/Opportunity/006Kf00000PXQ2LIAX/view"", ""CBF - Passaporte do Jogador"")",,Corporate,BR CORP,Build with AI,3:  Proposal / Negotiation,2026-09-07,2026-10-12,"130,000.00"
"=HYPERLINK(""https://vector.lightning.force.com/lightning/r/Account/0014M00001htVWHQA2/view"", ""CLIMATEMPO ASSESSORIA E CONSULTORIA METEOROLOGICA LTDA."")","=HYPERLINK(""https://vector.lightning.force.com/lightning/r/Workload__c/aBJKf000009eQONOA2/view"", ""Climatempo - CDP"")","=HYPERLINK(""https://vector.lightning.force.com/lightning/r/Opportunity/006Kf00000Of5zsIAB/view"", ""CLIMATEMPO #GCP #CDP"")",,Corporate,BR CORP,Build with AI,3:  Proposal / Negotiation,2026-09-16,2026-09-24,"60,000.00"
"=HYPERLINK(""https://vector.lightning.force.com/lightning/r/Account/0014M00001htVnnQAE/view"", ""AeC Centro de Contatos S/A"")","=HYPERLINK(""https://vector.lightning.force.com/lightning/r/Workload__c/aBJKf000009ePrEOAU/view"", ""Fabrica de Agentes"")","=HYPERLINK(""https://vector.lightning.force.com/lightning/r/Opportunity/006Kf00000OJSEUIA5/view"", ""Revisão da arquitetura para utilização de  Vertex AI e do Cloud Run"")",,Corporate,BR CORP,Build with AI,4.1: Pre Ramp / Mobilize,2026-08-06,2026-10-05,"95,000.00"
"=HYPERLINK(""https://vector.lightning.force.com/lightning/r/Account/0014M00001hWlDEQA0/view"", ""Embraco"")","=HYPERLINK(""https://vector.lightning.force.com/lightning/r/Workload__c/aBJKf000009ePVcOAM/view"", ""[Nidec] #Gemini Enterprise | 1000 seats"")","=HYPERLINK(""https://vector.lightning.force.com/lightning/r/Opportunity/006Kf00000PWQjdIAH/view"", ""[Embraco/Nidec] #Gemini Enterprise | 1000 seats"")",,Corporate,BR CORP,Build with AI,0-2: Tech Eval/Solution Dev,2026-09-30,2026-10-16,"188,000.00"
"=HYPERLINK(""https://vector.lightning.force.com/lightning/r/Account/0014M00001yS2OXQA0/view"", ""Redrive"")","=HYPERLINK(""https://vector.lightning.force.com/lightning/r/Workload__c/aBJKf000009WCjbOAG/view"", ""Redrive #IA #GCP #OUT"")","=HYPERLINK(""https://vector.lightning.force.com/lightning/r/Opportunity/006Kf00000OpVupIAF/view"", ""Redrive  #IA #GCP #OUT"")",,Corporate,BR CORP,Build with AI,0-2: Tech Eval/Solution Dev,2026-11-30,2026-12-30,"15,000.00"
"=HYPERLINK(""https://vector.lightning.force.com/lightning/r/Account/0014M00001hUBZqQAO/view"", ""Marisa Lojas S/A"")","=HYPERLINK(""https://vector.lightning.force.com/lightning/r/Workload__c/aBJKf000009eOwhOAE/view"", ""Marisa - Inteligencia de Mercado"")","=HYPERLINK(""https://vector.lightning.force.com/lightning/r/Opportunity/006Kf00000OQmFSIA1/view"", ""Solução de inteligencia de mercado #TDSYNNEX"")",,Corporate,BR CORP,Build with AI,0-2: Tech Eval/Solution Dev,2026-08-20,2026-09-23,"1,000.00"
"=HYPERLINK(""https://vector.lightning.force.com/lightning/r/Account/0014M00001htVnnQAE/view"", ""AeC Centro de Contatos S/A"")","=HYPERLINK(""https://vector.lightning.force.com/lightning/r/Workload__c/aBJKf000004ZLhwOAG/view"", ""Assessment de Banco de dados - Mongo para Firestone #TDSYNNEX_NY_EXPEDITION_26"")","=HYPERLINK(""https://vector.lightning.force.com/lightning/r/Opportunity/006Kf00000OFZXkIAP/view"", ""Assessment de Banco de dados - Mongo para Firestone #TDSYNNEX_NY_EXPEDITION_26"")",,Corporate,BR CORP,Migrate and Modernize Databases,3:  Proposal / Negotiation,2026-09-16,2026-09-16,"120,000.00"
"=HYPERLINK(""https://vector.lightning.force.com/lightning/r/Account/0014M00001n6bFlQAI/view"", ""Americanas S.A."")","=HYPERLINK(""https://vector.lightning.force.com/lightning/r/Workload__c/aBJKf000009WCQtOAO/view"", ""Americanas - Incremental Growth- DataLake - SUNO Projects"")","=HYPERLINK(""https://vector.lightning.force.com/lightning/r/Opportunity/006Kf00000OebgTIAR/view"", ""Revenue Increase - BigQuery&Vertex"")",,Brazil,Retail & CPG,Analytics,4.3: Migrated/Implemented,2026-07-20,2026-07-27,"83,839.00"
"=HYPERLINK(""https://vector.lightning.force.com/lightning/r/Account/0014M00001hUEKQQA4/view"", ""PATRUS TRANSPORTES LTDA"")","=HYPERLINK(""https://vector.lightning.force.com/lightning/r/Workload__c/aBJKf000004ZLXBOA4/view"", ""Patrus: Looker"")","=HYPERLINK(""https://vector.lightning.force.com/lightning/r/Opportunity/006Kf00000OeyZdIAJ/view"", ""Patrus: Looker"")",,Corporate,BR CORP,Migrate Modernize and Build,0-2: Tech Eval/Solution Dev,2026-09-07,2026-09-18,"50,000.00"
"=HYPERLINK(""https://vector.lightning.force.com/lightning/r/Account/0014M00001htVnnQAE/view"", ""AeC Centro de Contatos S/A"")","=HYPERLINK(""https://vector.lightning.force.com/lightning/r/Workload__c/aBJKf000004ZLZ8OAO/view"", ""Opportunity AeC  #GeminiEnterprise #GCP #OUT"")","=HYPERLINK(""https://vector.lightning.force.com/lightning/r/Opportunity/006Kf00000Oqwu3IAB/view"", ""AeC  #GeminiEnterprise #GCP #OUT #TDSYNNEX_NY_EXPEDITION_26"")",,Corporate,BR CORP,Build with AI,0-2: Tech Eval/Solution Dev,2026-09-15,,0.00
"=HYPERLINK(""https://vector.lightning.force.com/lightning/r/Account/0014M00001htVnnQAE/view"", ""AeC Centro de Contatos S/A"")","=HYPERLINK(""https://vector.lightning.force.com/lightning/r/Workload__c/aBJKf000004ZL8rOAG/view"", ""Fabrica de Agentes : Consumo Gemini Plataform"")","=HYPERLINK(""https://vector.lightning.force.com/lightning/r/Opportunity/006Kf00000OJSEUIA5/view"", ""Revisão da arquitetura para utilização de  Vertex AI e do Cloud Run"")",,Corporate,BR CORP,Build with AI,0-2: Tech Eval/Solution Dev,2026-09-18,2026-11-06,"200,000.00"
"=HYPERLINK(""https://vector.lightning.force.com/lightning/r/Account/0014M00001htWqyQAE/view"", ""Valgroup"")","=HYPERLINK(""https://vector.lightning.force.com/lightning/r/Workload__c/aBJKf000009kJ6aOAE/view"", ""Plantas - Rollout"")","=HYPERLINK(""https://vector.lightning.force.com/lightning/r/Opportunity/006Kf00000OAakHIAT/view"", ""Modernizacao Industria - Valgroup"")",,Corporate,BR CORP,Migrate Modernize and Build,0-2: Tech Eval/Solution Dev,2026-10-30,2026-11-18,"700,000.00"
"=HYPERLINK(""https://vector.lightning.force.com/lightning/r/Account/0014M00001htWqyQAE/view"", ""Valgroup"")","=HYPERLINK(""https://vector.lightning.force.com/lightning/r/Workload__c/aBJKf000009kJ6VOAU/view"", ""Plantas - Lorena e Itamonte"")","=HYPERLINK(""https://vector.lightning.force.com/lightning/r/Opportunity/006Kf00000OAakHIAT/view"", ""Modernizacao Industria - Valgroup"")",,Corporate,BR CORP,Migrate Modernize and Build,0-2: Tech Eval/Solution Dev,2026-09-22,2026-11-02,"500,000.00"
"=HYPERLINK(""https://vector.lightning.force.com/lightning/r/Account/0014M00001hKIowQAG/view"", ""Intelbrás S/A Indústria de Telecomunicações Eletrônica Brasileira"")","=HYPERLINK(""https://vector.lightning.force.com/lightning/r/Workload__c/aBJKf000009kJ6LOAU/view"", ""Agent - Atendimento"")","=HYPERLINK(""https://vector.lightning.force.com/lightning/r/Opportunity/006Kf00000OAajlIAD/view"", ""Intelbras - Modernizacao (Negocios / Comercial)"")",,Corporate,BR CORP,Developer AI Assistance,0-2: Tech Eval/Solution Dev,2026-10-06,2026-10-29,"400,000.00"
"=HYPERLINK(""https://vector.lightning.force.com/lightning/r/Account/0014M00001hKIowQAG/view"", ""Intelbrás S/A Indústria de Telecomunicações Eletrônica Brasileira"")","=HYPERLINK(""https://vector.lightning.force.com/lightning/r/Workload__c/aBJKf000009kJ6QOAU/view"", ""BI - Agent"")","=HYPERLINK(""https://vector.lightning.force.com/lightning/r/Opportunity/006Kf00000OAajlIAD/view"", ""Intelbras - Modernizacao (Negocios / Comercial)"")",,Corporate,BR CORP,Analytics,0-2: Tech Eval/Solution Dev,2026-10-20,2026-11-11,"250,000.00"
"=HYPERLINK(""https://vector.lightning.force.com/lightning/r/Account/0014M00001htWqyQAE/view"", ""Valgroup"")","=HYPERLINK(""https://vector.lightning.force.com/lightning/r/Workload__c/aBJKf000009kJ5cOAE/view"", ""Impressao - AI - Plantas"")","=HYPERLINK(""https://vector.lightning.force.com/lightning/r/Opportunity/006Kf00000OAzDzIAL/view"", ""Impressao - AI - Plantas #TDSYNNEX_NY_EXPEDITION_26"")",,Corporate,BR CORP,Analytics,3:  Proposal / Negotiation,2026-09-28,2026-11-16,"400,000.00"
"=HYPERLINK(""https://vector.lightning.force.com/lightning/r/Account/0014M00001hKIowQAG/view"", ""Intelbrás S/A Indústria de Telecomunicações Eletrônica Brasileira"")","=HYPERLINK(""https://vector.lightning.force.com/lightning/r/Workload__c/aBJKf000009kJ5XOAU/view"", ""Jornada Comercial / Atendimento"")","=HYPERLINK(""https://vector.lightning.force.com/lightning/r/Opportunity/006Kf00000OAajlIAD/view"", ""Intelbras - Modernizacao (Negocios / Comercial)"")",,Corporate,BR CORP,Migrate Modernize and Build,0-2: Tech Eval/Solution Dev,2026-08-24,2026-10-20,"300,000.00"
"=HYPERLINK(""https://vector.lightning.force.com/lightning/r/Account/0014M00001hW5IBQA0/view"", ""AutoGlass"")","=HYPERLINK(""https://vector.lightning.force.com/lightning/r/Workload__c/aBJKf000009kIu0OAE/view"", ""AutoGlass - Abertura Sinistro"")","=HYPERLINK(""https://vector.lightning.force.com/lightning/r/Opportunity/006Kf00000PFFJjIAP/view"", ""AutoGlass -  Abertura de Sinistro"")",,Corporate,BR CORP,Customer Engagement,3:  Proposal / Negotiation,2026-08-18,2026-09-08,"82,000.00"
"=HYPERLINK(""https://vector.lightning.force.com/lightning/r/Account/0014M00001hqATyQAM/view"", ""Tramontina Central de Administração Ltda"")","=HYPERLINK(""https://vector.lightning.force.com/lightning/r/Workload__c/aBJKf000004ZJBzOAO/view"", ""Tramontina - Precificação Omnicanal e Analytics T-Store"")","=HYPERLINK(""https://vector.lightning.force.com/lightning/r/Opportunity/006Kf00000NFTjHIAX/view"", ""Tramontina Central de Administração Ltda / $ 5,308,821 TCV / 3 YRS"")",,Brazil,Retail & CPG,Analytics,3:  Proposal / Negotiation,2026-08-28,2026-10-26,"120,000.00"
"=HYPERLINK(""https://vector.lightning.force.com/lightning/r/Account/0014M00001hWV5WQAW/view"", ""Grupo Casas Bahia S.A."")","=HYPERLINK(""https://vector.lightning.force.com/lightning/r/Workload__c/aBJKf000004ZIt2OAG/view"", ""CB - Delphix"")","=HYPERLINK(""https://vector.lightning.force.com/lightning/r/Opportunity/006Kf00000J9Xe0IAF/view"", ""GRUPO CASAS BAHIA S.A./$80M TCV/5 Yr #DMTOOLKIT #DATALIVELABS"")",,Brazil,Retail & CPG,Migrate Modernize and Build,3:  Proposal / Negotiation,2026-10-19,2026-12-29,"60,000.00"
"=HYPERLINK(""https://vector.lightning.force.com/lightning/r/Account/0014M00001hUBZqQAO/view"", ""Marisa Lojas S/A"")","=HYPERLINK(""https://vector.lightning.force.com/lightning/r/Workload__c/aBJKf000004ZIi4OAG/view"", ""Marisa Commit Direcr 3Y"")","=HYPERLINK(""https://vector.lightning.force.com/lightning/r/Opportunity/006Kf00000PNoF9IAL/view"", ""Commit Marisa 3Y Direct"")",,Corporate,BR CORP,Analytics,3:  Proposal / Negotiation,2026-07-31,2026-09-25,"2,400,000.00"
"=HYPERLINK(""https://vector.lightning.force.com/lightning/r/Account/0014M00001hUEKQQA4/view"", ""PATRUS TRANSPORTES LTDA"")","=HYPERLINK(""https://vector.lightning.force.com/lightning/r/Workload__c/aBJKf000004ZIkAOAW/view"", ""Projeto de Inovação - Patrus (tier1)"")",,,Corporate,BR CORP,Build with AI,0-2: Tech Eval/Solution Dev,2026-08-28,2026-10-28,"80,000.00"
"=HYPERLINK(""https://vector.lightning.force.com/lightning/r/Account/0014M00001hKIowQAG/view"", ""Intelbrás S/A Indústria de Telecomunicações Eletrônica Brasileira"")","=HYPERLINK(""https://vector.lightning.force.com/lightning/r/Workload__c/aBJKf000009eLB4OAM/view"", ""Intelbrás - GenBI - GECX"")","=HYPERLINK(""https://vector.lightning.force.com/lightning/r/Opportunity/006Kf00000PFFOPIA5/view"", ""Intelbrás - GenBI"")","=HYPERLINK(""https://vector.lightning.force.com/lightning/r/Expert_Request__c/aAuKf000000TaApKAK/view"", ""ER-504118"")",Corporate,BR CORP,Build with AI,3:  Proposal / Negotiation,2026-08-26,2026-09-16,"108,000.00"
"=HYPERLINK(""https://vector.lightning.force.com/lightning/r/Account/0014M00001htWqyQAE/view"", ""Valgroup"")","=HYPERLINK(""https://vector.lightning.force.com/lightning/r/Workload__c/aBJKf000009kIK2OAM/view"", ""Modernizacao Industria"")","=HYPERLINK(""https://vector.lightning.force.com/lightning/r/Opportunity/006Kf00000OAakHIAT/view"", ""Modernizacao Industria - Valgroup"")",,Corporate,BR CORP,Build with AI,3:  Proposal / Negotiation,2026-09-25,2026-10-29,"350,000.00"
"=HYPERLINK(""https://vector.lightning.force.com/lightning/r/Account/0014M00001hKIowQAG/view"", ""Intelbrás S/A Indústria de Telecomunicações Eletrônica Brasileira"")","=HYPERLINK(""https://vector.lightning.force.com/lightning/r/Workload__c/aBJKf000009kIJxOAM/view"", ""Intelbras - Modernizacao Industria - Negocios"")","=HYPERLINK(""https://vector.lightning.force.com/lightning/r/Opportunity/006Kf00000OAajlIAD/view"", ""Intelbras - Modernizacao (Negocios / Comercial)"")",,Corporate,BR CORP,Migrate Modernize and Build,0-2: Tech Eval/Solution Dev,2026-09-24,2026-10-28,"250,000.00"
"=HYPERLINK(""https://vector.lightning.force.com/lightning/r/Account/0014M00001hWV5WQAW/view"", ""Grupo Casas Bahia S.A."")","=HYPERLINK(""https://vector.lightning.force.com/lightning/r/Workload__c/aBJKf000004ZI98OAG/view"", ""CB - Plataforma Agêntica"")","=HYPERLINK(""https://vector.lightning.force.com/lightning/r/Opportunity/006Kf00000J9Xe0IAF/view"", ""GRUPO CASAS BAHIA S.A./$80M TCV/5 Yr #DMTOOLKIT #DATALIVELABS"")","=HYPERLINK(""https://vector.lightning.force.com/lightning/r/Expert_Request__c/aAuKf0000004KN7KAM/view"", ""ER-488943"")",Brazil,Retail & CPG,Build with AI,3:  Proposal / Negotiation,2026-09-28,2026-12-31,"200,000.00"
"=HYPERLINK(""https://vector.lightning.force.com/lightning/r/Account/0014M00001hW5IBQA0/view"", ""AutoGlass"")","=HYPERLINK(""https://vector.lightning.force.com/lightning/r/Workload__c/aBJKf000009eKa8OAE/view"", ""AutoGlass - Gemini Platform (VertexAI) - Marketing Digital"")","=HYPERLINK(""https://vector.lightning.force.com/lightning/r/Opportunity/006Kf00000PFFHKIA5/view"", ""AutoGlass - Marketing Digital - VertexAI"")",,Corporate,BR CORP,Migrate Modernize and Build,3:  Proposal / Negotiation,2026-09-30,2026-10-15,"49,605.00"
"=HYPERLINK(""https://vector.lightning.force.com/lightning/r/Account/0014M00001hWV5WQAW/view"", ""Grupo Casas Bahia S.A."")","=HYPERLINK(""https://vector.lightning.force.com/lightning/r/Workload__c/aBJKf000004ZHjyOAG/view"", ""CB - Atendimento GE for CX (Ivi)"")","=HYPERLINK(""https://vector.lightning.force.com/lightning/r/Opportunity/006Kf00000J9Xe0IAF/view"", ""GRUPO CASAS BAHIA S.A./$80M TCV/5 Yr #DMTOOLKIT #DATALIVELABS"")",,Brazil,Retail & CPG,Customer Engagement,0-2: Tech Eval/Solution Dev,2026-10-26,2026-12-31,"100,000.00"
"=HYPERLINK(""https://vector.lightning.force.com/lightning/r/Account/0014M00001hqATyQAM/view"", ""Tramontina Central de Administração Ltda"")","=HYPERLINK(""https://vector.lightning.force.com/lightning/r/Workload__c/aBJKf000004ZHVvOAO/view"", ""Tramontina - Córtex SAP"")","=HYPERLINK(""https://vector.lightning.force.com/lightning/r/Opportunity/006Kf00000NFTjHIAX/view"", ""Tramontina Central de Administração Ltda / $ 5,308,821 TCV / 3 YRS"")","=HYPERLINK(""https://vector.lightning.force.com/lightning/r/Expert_Request__c/aAuKf0000004JWhKAM/view"", ""ER-487104"")",Brazil,Retail & CPG,Analytics,0-2: Tech Eval/Solution Dev,2026-08-26,2026-09-28,"100,000.00"
"=HYPERLINK(""https://vector.lightning.force.com/lightning/r/Account/0014M00001hqATyQAM/view"", ""Tramontina Central de Administração Ltda"")","=HYPERLINK(""https://vector.lightning.force.com/lightning/r/Workload__c/aBJKf000004ZGpeOAG/view"", ""Tramontina - WS4 NME Analytics - Operações Internacionais"")","=HYPERLINK(""https://vector.lightning.force.com/lightning/r/Opportunity/006Kf00000NFTjHIAX/view"", ""Tramontina Central de Administração Ltda / $ 5,308,821 TCV / 3 YRS"")","=HYPERLINK(""https://vector.lightning.force.com/lightning/r/Expert_Request__c/aAuKf0000004MrYKAU/view"", ""ER-495029"")",Brazil,Retail & CPG,Analytics,4.2: Ramping / Deliver,2026-07-20,2026-10-12,"106,000.00"
"=HYPERLINK(""https://vector.lightning.force.com/lightning/r/Account/0014M00001hqATyQAM/view"", ""Tramontina Central de Administração Ltda"")","=HYPERLINK(""https://vector.lightning.force.com/lightning/r/Workload__c/aBJKf000004ZGpjOAG/view"", ""Tramontina - WS2 Compras"")","=HYPERLINK(""https://vector.lightning.force.com/lightning/r/Opportunity/006Kf00000NFTjHIAX/view"", ""Tramontina Central de Administração Ltda / $ 5,308,821 TCV / 3 YRS"")",,Brazil,Retail & CPG,Analytics,3:  Proposal / Negotiation,2026-08-26,2026-10-19,"60,000.00"
"=HYPERLINK(""https://vector.lightning.force.com/lightning/r/Account/0014M00001hqATyQAM/view"", ""Tramontina Central de Administração Ltda"")","=HYPERLINK(""https://vector.lightning.force.com/lightning/r/Workload__c/aBJKf000004ZGpoOAG/view"", ""Tramontina - WS6 - Marketing ( consolidada na WS 4 )"")","=HYPERLINK(""https://vector.lightning.force.com/lightning/r/Opportunity/006Kf00000NFTjHIAX/view"", ""Tramontina Central de Administração Ltda / $ 5,308,821 TCV / 3 YRS"")",,Brazil,Retail & CPG,Analytics,3:  Proposal / Negotiation,2026-08-26,2026-10-19,"60,000.00"
"=HYPERLINK(""https://vector.lightning.force.com/lightning/r/Account/0014M00001hkFbEQAU/view"", ""Minas Tenis Clube"")","=HYPERLINK(""https://vector.lightning.force.com/lightning/r/Workload__c/aBJKf000004ZGAxOAO/view"", ""Minas Tenis Clube #GCP #Analytics"")","=HYPERLINK(""https://vector.lightning.force.com/lightning/r/Opportunity/006Kf00000OpBEZIA3/view"", ""Minas Tenis Clube #GCP #Analytics #AIMBH26"")",,Corporate,BR CORP,Analytics,3:  Proposal / Negotiation,2026-08-13,2026-08-28,"90,000.00"
"=HYPERLINK(""https://vector.lightning.force.com/lightning/r/Account/0014M00001hWV5WQAW/view"", ""Grupo Casas Bahia S.A."")","=HYPERLINK(""https://vector.lightning.force.com/lightning/r/Workload__c/aBJKf000009kGwEOAU/view"", ""GCB - MDM clientes"")","=HYPERLINK(""https://vector.lightning.force.com/lightning/r/Opportunity/006Kf00000J9Xe0IAF/view"", ""GRUPO CASAS BAHIA S.A./$80M TCV/5 Yr #DMTOOLKIT #DATALIVELABS"")","=HYPERLINK(""https://vector.lightning.force.com/lightning/r/Expert_Request__c/aAuKf0000004MsCKAU/view"", ""ER-495050"")",Brazil,Retail & CPG,Analytics,4.2: Ramping / Deliver,2026-07-23,2026-08-21,"200,000.00"
"=HYPERLINK(""https://vector.lightning.force.com/lightning/r/Account/0014M00001hanH8QAI/view"", ""Omnibees Marketing e Distribuição Hotelaria EIRELI"")","=HYPERLINK(""https://vector.lightning.force.com/lightning/r/Workload__c/aBJKf000004ZFnjOAG/view"", ""OMNIBEES - GEMINI ENTERPRISE"")","=HYPERLINK(""https://vector.lightning.force.com/lightning/r/Opportunity/006Kf00000PFTfpIAH/view"", ""OMNIBEES #GEMINI ENTERPRISE #GCP #OUT"")",,Corporate,BR CORP,Build with AI,0-2: Tech Eval/Solution Dev,2026-07-31,2026-08-31,"15,000.00"
"=HYPERLINK(""https://vector.lightning.force.com/lightning/r/Account/0014M00001hKIowQAG/view"", ""Intelbrás S/A Indústria de Telecomunicações Eletrônica Brasileira"")","=HYPERLINK(""https://vector.lightning.force.com/lightning/r/Workload__c/aBJKf000004ZEMcOAO/view"", ""Intelbras - GEGX"")","=HYPERLINK(""https://vector.lightning.force.com/lightning/r/Opportunity/006Kf00000Op9pYIAR/view"", ""Intelbrás S/A #GCP #GECX"")",,Corporate,BR CORP,Build with AI,3:  Proposal / Negotiation,2026-08-31,2026-09-30,"110,000.00"
"=HYPERLINK(""https://vector.lightning.force.com/lightning/r/Account/0014M00001hWV5WQAW/view"", ""Grupo Casas Bahia S.A."")","=HYPERLINK(""https://vector.lightning.force.com/lightning/r/Workload__c/aBJKf000004ZD4POAW/view"", ""CB - workload negativo creditos AI #RECOMMIT"")","=HYPERLINK(""https://vector.lightning.force.com/lightning/r/Opportunity/006Kf00000J9Xe0IAF/view"", ""GRUPO CASAS BAHIA S.A./$80M TCV/5 Yr #DMTOOLKIT #DATALIVELABS"")",,Brazil,Retail & CPG,Build with AI,4.2: Ramping / Deliver,2026-08-10,2026-08-30,"-230,000.00"
"=HYPERLINK(""https://vector.lightning.force.com/lightning/r/Account/0014M00001hWV5WQAW/view"", ""Grupo Casas Bahia S.A."")","=HYPERLINK(""https://vector.lightning.force.com/lightning/r/Workload__c/aBJKf000004ZD66OAG/view"", ""CB - workload negativo creditos AI #RECOMMIT (2nd Milestone)"")","=HYPERLINK(""https://vector.lightning.force.com/lightning/r/Opportunity/006Kf00000J9Xe0IAF/view"", ""GRUPO CASAS BAHIA S.A./$80M TCV/5 Yr #DMTOOLKIT #DATALIVELABS"")",,Brazil,Retail & CPG,Build with AI,4.1: Pre Ramp / Mobilize,2026-12-01,2027-01-31,"-230,000.00"
"=HYPERLINK(""https://vector.lightning.force.com/lightning/r/Account/0014M00001hWV5WQAW/view"", ""Grupo Casas Bahia S.A."")","=HYPERLINK(""https://vector.lightning.force.com/lightning/r/Workload__c/aBJKf000004ZD6BOAW/view"", ""CB - workload negativo creditos Other #RECOMMIT (2nd Milestone)"")","=HYPERLINK(""https://vector.lightning.force.com/lightning/r/Opportunity/006Kf00000J9Xe0IAF/view"", ""GRUPO CASAS BAHIA S.A./$80M TCV/5 Yr #DMTOOLKIT #DATALIVELABS"")",,Brazil,Retail & CPG,Storage,4.1: Pre Ramp / Mobilize,2026-12-01,2027-01-31,"-350,000.00"
"=HYPERLINK(""https://vector.lightning.force.com/lightning/r/Account/0014M00001hWV5WQAW/view"", ""Grupo Casas Bahia S.A."")","=HYPERLINK(""https://vector.lightning.force.com/lightning/r/Workload__c/aBJKf000004ZD4UOAW/view"", ""CB - workload negativo creditos Other #RECOMMIT"")","=HYPERLINK(""https://vector.lightning.force.com/lightning/r/Opportunity/006Kf00000J9Xe0IAF/view"", ""GRUPO CASAS BAHIA S.A./$80M TCV/5 Yr #DMTOOLKIT #DATALIVELABS"")",,Brazil,Retail & CPG,Storage,4.2: Ramping / Deliver,2026-08-10,2026-08-31,"-350,000.00"
"=HYPERLINK(""https://vector.lightning.force.com/lightning/r/Account/0014M00001hfoBSQAY/view"", ""(Pernambucanas) ARTHUR LUNDGREN INVESTIMENTOS, INCORPORAÇÃO E ADMINISTRAÇÃO LTDA."")","=HYPERLINK(""https://vector.lightning.force.com/lightning/r/Workload__c/aBJKf000009eDfpOAE/view"", ""Pernambucanas - Venda Seguro GECX"")","=HYPERLINK(""https://vector.lightning.force.com/lightning/r/Opportunity/006Kf00000NS9CLIA1/view"", ""Pernambucanas - Recommit 2026"")",,Brazil,Retail & CPG,Build with AI,0-2: Tech Eval/Solution Dev,2026-09-15,2026-10-26,"120,000.00"
"=HYPERLINK(""https://vector.lightning.force.com/lightning/r/Account/0014M00001n6bFlQAI/view"", ""Americanas S.A."")","=HYPERLINK(""https://vector.lightning.force.com/lightning/r/Workload__c/aBJKf000009W6ZkOAK/view"", ""Americanas - Incremental Growth- DataLake - INSTITUTO Projects"")","=HYPERLINK(""https://vector.lightning.force.com/lightning/r/Opportunity/006Kf00000OebgTIAR/view"", ""Revenue Increase - BigQuery&Vertex"")","ER-477845, ER-482470",Brazil,Retail & CPG,Analytics,4.1: Pre Ramp / Mobilize,2026-08-14,2026-09-30,"96,224.00"
"=HYPERLINK(""https://vector.lightning.force.com/lightning/r/Account/0014M00002KMuNFQA1/view"", ""SIMPAR S.A."")","=HYPERLINK(""https://vector.lightning.force.com/lightning/r/Workload__c/aBJKf000009W6KuOAK/view"", ""Grupo Simpar - SAP IaaS BW  #WL"")","=HYPERLINK(""https://vector.lightning.force.com/lightning/r/Opportunity/006Kf00000N5kTHIAZ/view"", ""SIMPAR | Commit  - Movida + Azure Migration + SAP BW 2026"")",,Brazil,Multi Industry,Migrate Modernize and Build,3:  Proposal / Negotiation,2026-08-31,2026-10-30,"400,000.00"
"=HYPERLINK(""https://vector.lightning.force.com/lightning/r/Account/0014M00001hUBZqQAO/view"", ""Marisa Lojas S/A"")","=HYPERLINK(""https://vector.lightning.force.com/lightning/r/Workload__c/aBJKf000009eD6LOAU/view"", ""Marisa - GE"")","=HYPERLINK(""https://vector.lightning.force.com/lightning/r/Opportunity/006Kf00000OowUNIAZ/view"", ""Marisa Lojas - Gemini Enterprise"")",,Corporate,BR CORP,Build with AI,3:  Proposal / Negotiation,2026-07-17,2026-08-28,"500,000.00"
"=HYPERLINK(""https://vector.lightning.force.com/lightning/r/Account/0014M00001qqD1qQAE/view"", ""OPERADOR NACIONAL DO SISTEMA DE REGISTRO ELETRONICO DE IMOVEIS - ONR"")","=HYPERLINK(""https://vector.lightning.force.com/lightning/r/Workload__c/aBJKf000009eD5NOAU/view"", ""Crescimento ONR Anual"")","=HYPERLINK(""https://vector.lightning.force.com/lightning/r/Opportunity/006Kf00000OFGp3IAH/view"", ""Projeto Onix_ONR"")",,Corporate,BR CORP,Migrate Modernize and Build,4.2: Ramping / Deliver,2026-04-14,2027-04-30,"170,000.00"
"=HYPERLINK(""https://vector.lightning.force.com/lightning/r/Account/0014M00001qqD1qQAE/view"", ""OPERADOR NACIONAL DO SISTEMA DE REGISTRO ELETRONICO DE IMOVEIS - ONR"")","=HYPERLINK(""https://vector.lightning.force.com/lightning/r/Workload__c/aBJKf000009eD5cOAE/view"", ""GE_ONR"")","=HYPERLINK(""https://vector.lightning.force.com/lightning/r/Opportunity/006Kf00000Oow08IAB/view"", ""Gemini Ent_ONR #TDSYNNEX_NY_EXPEDITION_26"")",,Corporate,BR CORP,Build with AI,3:  Proposal / Negotiation,2026-10-01,2026-12-31,"50,000.00"
"=HYPERLINK(""https://vector.lightning.force.com/lightning/r/Account/0014M00001hqATyQAM/view"", ""Tramontina Central de Administração Ltda"")","=HYPERLINK(""https://vector.lightning.force.com/lightning/r/Workload__c/aBJKf000009tdSzOAI/view"", ""Tramontina - WS4 TStoe, Cat, Comercial"")","=HYPERLINK(""https://vector.lightning.force.com/lightning/r/Opportunity/006Kf00000NFTjHIAX/view"", ""Tramontina Central de Administração Ltda / $ 5,308,821 TCV / 3 YRS"")",,Brazil,Retail & CPG,Build with AI,3:  Proposal / Negotiation,2026-08-31,2026-09-30,"120,000.00"
"=HYPERLINK(""https://vector.lightning.force.com/lightning/r/Account/0014M00001hfoBSQAY/view"", ""(Pernambucanas) ARTHUR LUNDGREN INVESTIMENTOS, INCORPORAÇÃO E ADMINISTRAÇÃO LTDA."")","=HYPERLINK(""https://vector.lightning.force.com/lightning/r/Workload__c/aBJKf000009tdBQOAY/view"", ""Pernambucanas - Documentoscopia"")","=HYPERLINK(""https://vector.lightning.force.com/lightning/r/Opportunity/006Kf00000NS9CLIA1/view"", ""Pernambucanas - Recommit 2026"")",,Brazil,Retail & CPG,Migrate and Modernize Databases,4.3: Migrated/Implemented,2026-05-30,2026-06-30,"120,000.00"
"=HYPERLINK(""https://vector.lightning.force.com/lightning/r/Account/0014M00001hWlDEQA0/view"", ""Embraco"")","=HYPERLINK(""https://vector.lightning.force.com/lightning/r/Workload__c/aBJKf000009tdCmOAI/view"", ""[Embraco | Nidec] #Projetos de IA"")","=HYPERLINK(""https://vector.lightning.force.com/lightning/r/Opportunity/006Kf00000OElBMIA1/view"", ""[Embraco | Nidec] #Data & Analytics TDSYNNEX_NY_EXPEDITION_26"")",,Corporate,BR CORP,Build with AI,3:  Proposal / Negotiation,2026-08-15,2026-08-28,"90,000.00"
"=HYPERLINK(""https://vector.lightning.force.com/lightning/r/Account/0014M00001hc6D8QAI/view"", ""Protege S/A Serviços Especiais"")","=HYPERLINK(""https://vector.lightning.force.com/lightning/r/Workload__c/aBJKf000009e82bOAA/view"", ""Protege - Gemini Enterprise"")","=HYPERLINK(""https://vector.lightning.force.com/lightning/r/Opportunity/006Kf00000OTFaHIAX/view"", ""Protege - Gemini Enterprise"")","=HYPERLINK(""https://vector.lightning.force.com/lightning/r/Expert_Request__c/aAuKf000000TYi6KAG/view"", ""ER-497825"")",Corporate,BR CORP,Build with AI,3:  Proposal / Negotiation,2026-08-27,2026-09-30,"150,000.00"
"=HYPERLINK(""https://vector.lightning.force.com/lightning/r/Account/0014M00001hKEpfQAG/view"", ""Tegma Gestão Logística S/A"")","=HYPERLINK(""https://vector.lightning.force.com/lightning/r/Workload__c/aBJKf000009e89NOAQ/view"", ""tegma - Gemini Enterprise"")","=HYPERLINK(""https://vector.lightning.force.com/lightning/r/Opportunity/006Kf00000NSWQ6IAP/view"", ""Tegma Gestão Logística S/A #GCP #OUT #GeminiEnterprise"")",,Corporate,BR CORP,Customer Engagement,0-2: Tech Eval/Solution Dev,2026-10-23,2026-12-11,"18,000.00"
"=HYPERLINK(""https://vector.lightning.force.com/lightning/r/Account/0014M00001hfmrYQAQ/view"", ""Banco Bocom BBM"")","=HYPERLINK(""https://vector.lightning.force.com/lightning/r/Workload__c/aBJKf000009e7OEOAY/view"", ""Banco Bocom BBM - Gemini Enterprise"")","=HYPERLINK(""https://vector.lightning.force.com/lightning/r/Opportunity/006Kf00000OTe2OIAT/view"", ""BANCO BOCOM # GEMINI ENTERPRISE"")",,Corporate,BR CORP,Build with AI,0-2: Tech Eval/Solution Dev,2026-08-31,2026-09-30,"20,000.00"
"=HYPERLINK(""https://vector.lightning.force.com/lightning/r/Account/0014M00001hirjtQAA/view"", ""SIMPAR S.A."")","=HYPERLINK(""https://vector.lightning.force.com/lightning/r/Workload__c/aBJKf0000082PO2OAM/view"", ""Movida [Simpar] - Raio X do Cliente"")","=HYPERLINK(""https://vector.lightning.force.com/lightning/r/Opportunity/006Kf00000Ng7bIIAR/view"", ""Movida - Nova jornada - Pos commit"")",,Brazil,Multi Industry,Build with AI,3:  Proposal / Negotiation,2026-08-14,2026-09-30,"800,000.00"
"=HYPERLINK(""https://vector.lightning.force.com/lightning/r/Account/0014M00001qK4FJQA0/view"", ""AUTOPASS S.A."")","=HYPERLINK(""https://vector.lightning.force.com/lightning/r/Workload__c/aBJKf000009e5aDOAQ/view"", ""OCI Migration_Autopass"")","=HYPERLINK(""https://vector.lightning.force.com/lightning/r/Opportunity/006Kf00000NQLnMIAX/view"", ""OCI Migration_Autopass"")",,Corporate,BR CORP,Migrate Modernize and Build,0-2: Tech Eval/Solution Dev,2026-11-30,2026-12-28,"300,000.00"
"=HYPERLINK(""https://vector.lightning.force.com/lightning/r/Account/001Kf000012iuZ4IAI/view"", ""Nater Coop"")","=HYPERLINK(""https://vector.lightning.force.com/lightning/r/Workload__c/aBJKf000009e5RjOAI/view"", ""Nater-#GCP-#BR-#IA Description"")","=HYPERLINK(""https://vector.lightning.force.com/lightning/r/Opportunity/006Kf00000NDu5AIAT/view"", ""Nater-#GCP-#BR-#IA"")",,Corporate,BR CORP,Build with AI,3:  Proposal / Negotiation,2026-09-02,2026-11-02,"150,000.00"
"=HYPERLINK(""https://vector.lightning.force.com/lightning/r/Account/0014M00001n6QxmQAE/view"", ""Construtora Tenda S/A."")","=HYPERLINK(""https://vector.lightning.force.com/lightning/r/Workload__c/aBJKf000009e58zOAA/view"", ""Inteligencia Terrenos_Tenda"")","=HYPERLINK(""https://vector.lightning.force.com/lightning/r/Opportunity/006Kf00000NysG8IAJ/view"", ""Inteligencia Terrenos_Tenda"")",,Corporate,BR CORP,Migrate Modernize and Build,3:  Proposal / Negotiation,2026-08-27,2026-09-28,"40,000.00"
"=HYPERLINK(""https://vector.lightning.force.com/lightning/r/Account/0014M00001hWV5WQAW/view"", ""Grupo Casas Bahia S.A."")","=HYPERLINK(""https://vector.lightning.force.com/lightning/r/Workload__c/aBJKf000009e4oMOAQ/view"", ""CB - Database Modernization Redis #DATALIVELABS"")","=HYPERLINK(""https://vector.lightning.force.com/lightning/r/Opportunity/006Kf00000J9Xe0IAF/view"", ""GRUPO CASAS BAHIA S.A./$80M TCV/5 Yr #DMTOOLKIT #DATALIVELABS"")",,Brazil,Retail & CPG,Migrate and Modernize Databases,3:  Proposal / Negotiation,2026-12-01,2027-03-31,"535,000.00"
"=HYPERLINK(""https://vector.lightning.force.com/lightning/r/Account/0014M00001hWV5WQAW/view"", ""Grupo Casas Bahia S.A."")","=HYPERLINK(""https://vector.lightning.force.com/lightning/r/Workload__c/aBJKf000009e4pyOAA/view"", ""CB - Migração Infor LN to SAP"")","=HYPERLINK(""https://vector.lightning.force.com/lightning/r/Opportunity/006Kf00000J9Xe0IAF/view"", ""GRUPO CASAS BAHIA S.A./$80M TCV/5 Yr #DMTOOLKIT #DATALIVELABS"")","=HYPERLINK(""https://vector.lightning.force.com/lightning/r/Expert_Request__c/aAuKf000000PNFZKA4/view"", ""ER-464584"")",Brazil,Retail & CPG,Migrate Modernize and Build,0-2: Tech Eval/Solution Dev,2026-12-01,2027-03-31,"500,000.00"
"=HYPERLINK(""https://vector.lightning.force.com/lightning/r/Account/0014M00001hWV5WQAW/view"", ""Grupo Casas Bahia S.A."")","=HYPERLINK(""https://vector.lightning.force.com/lightning/r/Workload__c/aBJKf000009e4q8OAA/view"", ""CB - Modernização Mainframe Originação"")","=HYPERLINK(""https://vector.lightning.force.com/lightning/r/Opportunity/006Kf00000J9Xe0IAF/view"", ""GRUPO CASAS BAHIA S.A./$80M TCV/5 Yr #DMTOOLKIT #DATALIVELABS"")",,Brazil,Retail & CPG,Migrate Modernize and Build,0-2: Tech Eval/Solution Dev,2027-04-01,2027-12-28,"500,000.00"
"=HYPERLINK(""https://vector.lightning.force.com/lightning/r/Account/0014M00001hWV5WQAW/view"", ""Grupo Casas Bahia S.A."")","=HYPERLINK(""https://vector.lightning.force.com/lightning/r/Workload__c/aBJKf000009e4p6OAA/view"", ""CB - Migração CDC Azure"")","=HYPERLINK(""https://vector.lightning.force.com/lightning/r/Opportunity/006Kf00000J9Xe0IAF/view"", ""GRUPO CASAS BAHIA S.A./$80M TCV/5 Yr #DMTOOLKIT #DATALIVELABS"")",,Brazil,Retail & CPG,Migrate Modernize and Build,0-2: Tech Eval/Solution Dev,2027-02-01,2027-06-30,"500,000.00"
"=HYPERLINK(""https://vector.lightning.force.com/lightning/r/Account/0014M00001hWV5WQAW/view"", ""Grupo Casas Bahia S.A."")","=HYPERLINK(""https://vector.lightning.force.com/lightning/r/Workload__c/aBJKf000009e4ogOAA/view"", ""CB - Migração AsapLog"")","=HYPERLINK(""https://vector.lightning.force.com/lightning/r/Opportunity/006Kf00000J9Xe0IAF/view"", ""GRUPO CASAS BAHIA S.A./$80M TCV/5 Yr #DMTOOLKIT #DATALIVELABS"")",,Brazil,Retail & CPG,Migrate Modernize and Build,3:  Proposal / Negotiation,2026-08-17,2026-12-28,"350,000.00"
"=HYPERLINK(""https://vector.lightning.force.com/lightning/r/Account/0014M00001hWV5WQAW/view"", ""Grupo Casas Bahia S.A."")","=HYPERLINK(""https://vector.lightning.force.com/lightning/r/Workload__c/aBJKf000009e4obOAA/view"", ""CB - Migração Banqi"")","=HYPERLINK(""https://vector.lightning.force.com/lightning/r/Opportunity/006Kf00000J9Xe0IAF/view"", ""GRUPO CASAS BAHIA S.A./$80M TCV/5 Yr #DMTOOLKIT #DATALIVELABS"")","=HYPERLINK(""https://vector.lightning.force.com/lightning/r/Expert_Request__c/aAuKf0000004F9FKAU/view"", ""ER-476571"")",Brazil,Retail & CPG,Migrate Modernize and Build,0-2: Tech Eval/Solution Dev,2026-12-01,2027-03-31,"350,000.00"
"=HYPERLINK(""https://vector.lightning.force.com/lightning/r/Account/0014M00001hWV5WQAW/view"", ""Grupo Casas Bahia S.A."")","=HYPERLINK(""https://vector.lightning.force.com/lightning/r/Workload__c/aBJKf000009e4poOAA/view"", ""CB - Recomendação novas vitrines"")","=HYPERLINK(""https://vector.lightning.force.com/lightning/r/Opportunity/006Kf00000J9Xe0IAF/view"", ""GRUPO CASAS BAHIA S.A./$80M TCV/5 Yr #DMTOOLKIT #DATALIVELABS"")","=HYPERLINK(""https://vector.lightning.force.com/lightning/r/Expert_Request__c/aAuKf000000ts47KAA/view"", ""ER-460958"")",Brazil,Retail & CPG,Build with AI,4.3: Migrated/Implemented,2026-03-26,2026-05-01,"100,000.00"
"=HYPERLINK(""https://vector.lightning.force.com/lightning/r/Account/0014M00001hUCWJQA4/view"", ""Lojas Riachuelo S/A"")","=HYPERLINK(""https://vector.lightning.force.com/lightning/r/Workload__c/aBJKf000009tVgjOAE/view"", ""Riachuelo - Analytics BQ for eCommerce"")","=HYPERLINK(""https://vector.lightning.force.com/lightning/r/Opportunity/006Kf00000NS9CkIAL/view"", ""Riachuelo - Recommit 2026"")","=HYPERLINK(""https://vector.lightning.force.com/lightning/r/Expert_Request__c/aAuKf000000PezyKAC/view"", ""ER-506265"")",Brazil,Retail & CPG,Analytics,0-2: Tech Eval/Solution Dev,2026-09-24,2026-10-20,"60,000.00"
"=HYPERLINK(""https://vector.lightning.force.com/lightning/r/Account/0014M00001hWV5WQAW/view"", ""Grupo Casas Bahia S.A."")","=HYPERLINK(""https://vector.lightning.force.com/lightning/r/Workload__c/aBJKf000009e3qWOAQ/view"", ""CB - Backup Veeam"")","=HYPERLINK(""https://vector.lightning.force.com/lightning/r/Opportunity/006Kf00000J9Xe0IAF/view"", ""GRUPO CASAS BAHIA S.A./$80M TCV/5 Yr #DMTOOLKIT #DATALIVELABS"")","=HYPERLINK(""https://vector.lightning.force.com/lightning/r/Expert_Request__c/aAuKf0000004NDtKAM/view"", ""ER-495986"")",Brazil,Retail & CPG,Migrate Modernize and Build,4.2: Ramping / Deliver,2026-05-25,2026-08-31,"175,000.00"
"=HYPERLINK(""https://vector.lightning.force.com/lightning/r/Account/0014M00001hKX16QAG/view"", ""Grupo Hinode Participações S.A"")","=HYPERLINK(""https://vector.lightning.force.com/lightning/r/Workload__c/aBJKf000009e21fOAA/view"", ""Grupo Hinode - Recommit 3Y"")","=HYPERLINK(""https://vector.lightning.force.com/lightning/r/Opportunity/006Kf00000OPbYwIAL/view"", ""Grupo Hinode - Recommit 3Y"")","=HYPERLINK(""https://vector.lightning.force.com/lightning/r/Expert_Request__c/aAuKf000000ttxSKAQ/view"", ""ER-465637"")",Corporate,BR CORP,Migrate Modernize and Build,3:  Proposal / Negotiation,2026-08-13,2026-10-22,"200,000.00"
"=HYPERLINK(""https://vector.lightning.force.com/lightning/r/Account/0014M00001hKInLQAW/view"", ""Supermercado Zona Sul"")","=HYPERLINK(""https://vector.lightning.force.com/lightning/r/Workload__c/aBJKf000009e0IeOAI/view"", ""Supermercado Zona Sul - VertexAI"")","=HYPERLINK(""https://vector.lightning.force.com/lightning/r/Opportunity/006Kf00000Jay7FIAR/view"", ""Supermercado Zona Sul / $ 270k TCV / 3 YR"")",,Corporate,BR CORP,Build with AI,3:  Proposal / Negotiation,2026-09-15,2026-09-30,"26,796.48"
"=HYPERLINK(""https://vector.lightning.force.com/lightning/r/Account/0014M00001qqD1qQAE/view"", ""OPERADOR NACIONAL DO SISTEMA DE REGISTRO ELETRONICO DE IMOVEIS - ONR"")","=HYPERLINK(""https://vector.lightning.force.com/lightning/r/Workload__c/aBJKf000009dzSwOAI/view"", ""Projeto Onix_ONR"")","=HYPERLINK(""https://vector.lightning.force.com/lightning/r/Opportunity/006Kf00000OFGp3IAH/view"", ""Projeto Onix_ONR"")",,Corporate,BR CORP,Migrate Modernize and Build,4.3: Migrated/Implemented,2026-05-08,2026-08-31,"200,000.00"
"=HYPERLINK(""https://vector.lightning.force.com/lightning/r/Account/0014M00001hWV5WQAW/view"", ""Grupo Casas Bahia S.A."")","=HYPERLINK(""https://vector.lightning.force.com/lightning/r/Workload__c/aBJKf000009tR8TOAU/view"", ""CB - Migration from MongoDB to Firestore #DATALIVELABS"")","=HYPERLINK(""https://vector.lightning.force.com/lightning/r/Opportunity/006Kf00000J9Xe0IAF/view"", ""GRUPO CASAS BAHIA S.A./$80M TCV/5 Yr #DMTOOLKIT #DATALIVELABS"")","=HYPERLINK(""https://vector.lightning.force.com/lightning/r/Expert_Request__c/aAuKf0000011R75KAE/view"", ""ER-463898"")",Brazil,Retail & CPG,Migrate and Modernize Databases,3:  Proposal / Negotiation,2026-10-26,2026-12-31,"200,000.00"
"=HYPERLINK(""https://vector.lightning.force.com/lightning/r/Account/0014M00001hWV5WQAW/view"", ""Grupo Casas Bahia S.A."")","=HYPERLINK(""https://vector.lightning.force.com/lightning/r/Workload__c/aBJKf000009ogikOAA/view"", ""CB - Patch Mgmt"")","=HYPERLINK(""https://vector.lightning.force.com/lightning/r/Opportunity/006Kf00000J9Xe0IAF/view"", ""GRUPO CASAS BAHIA S.A./$80M TCV/5 Yr #DMTOOLKIT #DATALIVELABS"")",,Brazil,Retail & CPG,Migrate Modernize and Build,4.2: Ramping / Deliver,2026-05-27,2026-08-20,"18,000.00"
"=HYPERLINK(""https://vector.lightning.force.com/lightning/r/Account/0014M00001hWV5WQAW/view"", ""Grupo Casas Bahia S.A."")","=HYPERLINK(""https://vector.lightning.force.com/lightning/r/Workload__c/aBJKf000009dywQOAQ/view"", ""CB - SQL Server"")","=HYPERLINK(""https://vector.lightning.force.com/lightning/r/Opportunity/006Kf00000J9Xe0IAF/view"", ""GRUPO CASAS BAHIA S.A./$80M TCV/5 Yr #DMTOOLKIT #DATALIVELABS"")",,Brazil,Retail & CPG,Migrate and Modernize Databases,4.2: Ramping / Deliver,2026-06-15,2026-11-30,"500,000.00"
"=HYPERLINK(""https://vector.lightning.force.com/lightning/r/Account/0014M00001hWV5WQAW/view"", ""Grupo Casas Bahia S.A."")","=HYPERLINK(""https://vector.lightning.force.com/lightning/r/Workload__c/aBJKf000009dywVOAQ/view"", ""CB - OCI modernization"")","=HYPERLINK(""https://vector.lightning.force.com/lightning/r/Opportunity/006Kf00000J9Xe0IAF/view"", ""GRUPO CASAS BAHIA S.A./$80M TCV/5 Yr #DMTOOLKIT #DATALIVELABS"")","=HYPERLINK(""https://vector.lightning.force.com/lightning/r/Expert_Request__c/aAuKf0000011R7eKAE/view"", ""ER-463919"")",Brazil,Retail & CPG,Migrate and Modernize Databases,4.2: Ramping / Deliver,2026-03-23,2026-10-30,"200,000.00"
"=HYPERLINK(""https://vector.lightning.force.com/lightning/r/Account/0014M00001hqATyQAM/view"", ""Tramontina Central de Administração Ltda"")","=HYPERLINK(""https://vector.lightning.force.com/lightning/r/Workload__c/aBJKf000009dytpOAA/view"", ""Tramontina - WS4 NMI"")","=HYPERLINK(""https://vector.lightning.force.com/lightning/r/Opportunity/006Kf00000NFTjHIAX/view"", ""Tramontina Central de Administração Ltda / $ 5,308,821 TCV / 3 YRS"")","=HYPERLINK(""https://vector.lightning.force.com/lightning/r/Expert_Request__c/aAuKf0000004MrTKAU/view"", ""ER-495027"")",Brazil,Retail & CPG,Analytics,4.1: Pre Ramp / Mobilize,2026-08-28,2026-09-25,"60,000.00"
"=HYPERLINK(""https://vector.lightning.force.com/lightning/r/Account/0014M00001hWV5WQAW/view"", ""Grupo Casas Bahia S.A."")","=HYPERLINK(""https://vector.lightning.force.com/lightning/r/Workload__c/aBJKf000006AEheOAG/view"", ""CB - Performance and AI Code"")","=HYPERLINK(""https://vector.lightning.force.com/lightning/r/Opportunity/006Kf00000J9Xe0IAF/view"", ""GRUPO CASAS BAHIA S.A./$80M TCV/5 Yr #DMTOOLKIT #DATALIVELABS"")","ER-467181, ER-484190",Brazil,Retail & CPG,Build with AI,4.3: Migrated/Implemented,2026-03-30,2026-06-24,"10,000.00"
"=HYPERLINK(""https://vector.lightning.force.com/lightning/r/Account/0014M00001hWV5WQAW/view"", ""Grupo Casas Bahia S.A."")","=HYPERLINK(""https://vector.lightning.force.com/lightning/r/Workload__c/aBJKf000009dxdKOAQ/view"", ""CB - workload negativo VMware CUD1"")","=HYPERLINK(""https://vector.lightning.force.com/lightning/r/Opportunity/006Kf00000J9Xe0IAF/view"", ""GRUPO CASAS BAHIA S.A./$80M TCV/5 Yr #DMTOOLKIT #DATALIVELABS"")",,Brazil,Retail & CPG,Migrate Modernize and Build,4.1: Pre Ramp / Mobilize,2026-09-28,2026-12-01,"-180,000.00"
"=HYPERLINK(""https://vector.lightning.force.com/lightning/r/Account/0014M00001hWV5WQAW/view"", ""Grupo Casas Bahia S.A."")","=HYPERLINK(""https://vector.lightning.force.com/lightning/r/Workload__c/aBJKf000009dxdAOAQ/view"", ""CB - workload negativo Retail Search"")","=HYPERLINK(""https://vector.lightning.force.com/lightning/r/Opportunity/006Kf00000J9Xe0IAF/view"", ""GRUPO CASAS BAHIA S.A./$80M TCV/5 Yr #DMTOOLKIT #DATALIVELABS"")",,Brazil,Retail & CPG,Build with AI,4.2: Ramping / Deliver,2026-04-09,2026-12-01,"-1,164,000.00"
"=HYPERLINK(""https://vector.lightning.force.com/lightning/r/Account/0014M00001htVnnQAE/view"", ""AeC Centro de Contatos S/A"")","=HYPERLINK(""https://vector.lightning.force.com/lightning/r/Workload__c/aBJKf000009dx5YOAQ/view"", ""Bot de Automacao Tecnica"")","=HYPERLINK(""https://vector.lightning.force.com/lightning/r/Opportunity/006Kf00000NPZDpIAP/view"", ""AeC - Projeto de Bot Inteligente #AIMBH26"")","=HYPERLINK(""https://vector.lightning.force.com/lightning/r/Expert_Request__c/aAuKf000000PJIPKA4/view"", ""ER-455812"")",Corporate,BR CORP,Build with AI,0-2: Tech Eval/Solution Dev,2026-07-31,2026-08-20,"60,000.00"
"=HYPERLINK(""https://vector.lightning.force.com/lightning/r/Account/0014M00001hWV5WQAW/view"", ""Grupo Casas Bahia S.A."")","=HYPERLINK(""https://vector.lightning.force.com/lightning/r/Workload__c/aBJKf000009tLbfOAE/view"", ""CB - workload negativo creditos MMB #RECOMMIT (2nd Milestone)"")","=HYPERLINK(""https://vector.lightning.force.com/lightning/r/Opportunity/006Kf00000J9Xe0IAF/view"", ""GRUPO CASAS BAHIA S.A./$80M TCV/5 Yr #DMTOOLKIT #DATALIVELABS"")",,Brazil,Retail & CPG,Migrate Modernize and Build,4.1: Pre Ramp / Mobilize,2026-12-01,2027-01-31,"-420,000.00"
"=HYPERLINK(""https://vector.lightning.force.com/lightning/r/Account/0014M00001mX5AoQAK/view"", ""Vero Internet"")","=HYPERLINK(""https://vector.lightning.force.com/lightning/r/Workload__c/aBJKf0000082IQLOA2/view"", ""Wkl - Vero - DA Uses Cases"")","=HYPERLINK(""https://vector.lightning.force.com/lightning/r/Opportunity/006Kf00000MyYkiIAF/view"", ""Vero #OUT #GCP #Analytics  #BR"")","ER-428142, ER-443252, ER-428135",Brazil,Media & Telco,Analytics,4.3: Migrated/Implemented,2025-12-23,2025-12-29,"15,000.00"
"=HYPERLINK(""https://vector.lightning.force.com/lightning/r/Account/0014M00001hWV5WQAW/view"", ""Grupo Casas Bahia S.A."")","=HYPERLINK(""https://vector.lightning.force.com/lightning/r/Workload__c/aBJKf000009tIJFOA2/view"", ""CB - VMware - Equinix"")","=HYPERLINK(""https://vector.lightning.force.com/lightning/r/Opportunity/006Kf00000J9Xe0IAF/view"", ""GRUPO CASAS BAHIA S.A./$80M TCV/5 Yr #DMTOOLKIT #DATALIVELABS"")","ER-429521, ER-425053, ER-425018, ER-425019",Brazil,Retail & CPG,Migrate Modernize and Build,4.3: Migrated/Implemented,2025-10-10,2025-10-28,"435,160.00"
"=HYPERLINK(""https://vector.lightning.force.com/lightning/r/Account/0014M00001h5kT9QAI/view"", ""Banco Rendimento"")","=HYPERLINK(""https://vector.lightning.force.com/lightning/r/Workload__c/aBJKf0000082I3qOAE/view"", ""Rendimento | Software Developer"")","=HYPERLINK(""https://vector.lightning.force.com/lightning/r/Opportunity/006Kf00000M1BmZIAV/view"", ""Banco Rendimento | Esteira de AI"")",,Corporate,BR CORP,Build with AI,4.3: Migrated/Implemented,2025-11-24,2026-02-23,"65,973.36"
"=HYPERLINK(""https://vector.lightning.force.com/lightning/r/Account/0014M00001hWV5WQAW/view"", ""Grupo Casas Bahia S.A."")","=HYPERLINK(""https://vector.lightning.force.com/lightning/r/Workload__c/aBJKf000009tG0sOAE/view"", ""CB - workload negativo creditos MMB #RECOMMIT"")","=HYPERLINK(""https://vector.lightning.force.com/lightning/r/Opportunity/006Kf00000J9Xe0IAF/view"", ""GRUPO CASAS BAHIA S.A./$80M TCV/5 Yr #DMTOOLKIT #DATALIVELABS"")",,Brazil,Retail & CPG,Migrate Modernize and Build,4.2: Ramping / Deliver,2026-08-10,2026-08-31,"-420,000.00"
"=HYPERLINK(""https://vector.lightning.force.com/lightning/r/Account/0014M00001qqD1qQAE/view"", ""OPERADOR NACIONAL DO SISTEMA DE REGISTRO ELETRONICO DE IMOVEIS - ONR"")","=HYPERLINK(""https://vector.lightning.force.com/lightning/r/Workload__c/aBJKf000009tEpkOAE/view"", ""Projeto KUBO _ ONR"")","=HYPERLINK(""https://vector.lightning.force.com/lightning/r/Opportunity/006Kf00000MfQgdIAF/view"", ""Projeto Kubo_ONR"")",,Corporate,BR CORP,Migrate Modernize and Build,4.3: Migrated/Implemented,2025-12-01,2026-06-30,"250,000.00"
"=HYPERLINK(""https://vector.lightning.force.com/lightning/r/Account/0014M00001qqD1qQAE/view"", ""OPERADOR NACIONAL DO SISTEMA DE REGISTRO ELETRONICO DE IMOVEIS - ONR"")","=HYPERLINK(""https://vector.lightning.force.com/lightning/r/Workload__c/aBJKf000009oaHOOAY/view"", ""ONR | IARI Matriculas - Fase 2"")","=HYPERLINK(""https://vector.lightning.force.com/lightning/r/Opportunity/0064M00000csmKoQAI/view"", ""ONR /$6.3M TCV/2YRS"")",,Corporate,BR CORP,Build with AI,4.3: Migrated/Implemented,2025-09-01,2026-05-31,"260,000.00"
"=HYPERLINK(""https://vector.lightning.force.com/lightning/r/Account/0014M00001qqD1qQAE/view"", ""OPERADOR NACIONAL DO SISTEMA DE REGISTRO ELETRONICO DE IMOVEIS - ONR"")","=HYPERLINK(""https://vector.lightning.force.com/lightning/r/Workload__c/aBJKf000006MbXJOA0/view"", ""ONR | IARI 2.0 Marketplace"")","=HYPERLINK(""https://vector.lightning.force.com/lightning/r/Opportunity/006Kf00000KYNpiIAH/view"", ""SREI_ONR"")",,Corporate,BR CORP,Build with AI,4.3: Migrated/Implemented,2025-08-04,2026-04-30,"240,000.00"
"=HYPERLINK(""https://vector.lightning.force.com/lightning/r/Account/0014M00001qqD1qQAE/view"", ""OPERADOR NACIONAL DO SISTEMA DE REGISTRO ELETRONICO DE IMOVEIS - ONR"")","=HYPERLINK(""https://vector.lightning.force.com/lightning/r/Workload__c/aBJKf000006MZMOOA4/view"", ""ONR | Ag Conversacionais | Chat GWS"")","=HYPERLINK(""https://vector.lightning.force.com/lightning/r/Opportunity/0064M00000csmKoQAI/view"", ""ONR /$6.3M TCV/2YRS"")",,Corporate,BR CORP,Customer Engagement,4.3: Migrated/Implemented,2025-05-19,2025-07-25,"50,000.00"
"=HYPERLINK(""https://vector.lightning.force.com/lightning/r/Account/0014M00001qqD1qQAE/view"", ""OPERADOR NACIONAL DO SISTEMA DE REGISTRO ELETRONICO DE IMOVEIS - ONR"")","=HYPERLINK(""https://vector.lightning.force.com/lightning/r/Workload__c/aBJKf000006MZMJOA4/view"", ""[CES AI]ONR- #CA - Filas Adicionais"")","=HYPERLINK(""https://vector.lightning.force.com/lightning/r/Opportunity/0064M00000csmKoQAI/view"", ""ONR /$6.3M TCV/2YRS"")",,Corporate,BR CORP,Customer Engagement,4.3: Migrated/Implemented,2025-08-07,2025-10-31,"20,000.00"
"=HYPERLINK(""https://vector.lightning.force.com/lightning/r/Account/0014M00001hanIwQAI/view"", ""Sicredi Participacoes S/A"")","=HYPERLINK(""https://vector.lightning.force.com/lightning/r/Workload__c/aBJKf000009oRYkOAM/view"", ""[Sicredi] #Gemini Enterprise Plus | 3K Seats (Big Dream)"")","=HYPERLINK(""https://vector.lightning.force.com/lightning/r/Opportunity/006Kf00000KOw14IAD/view"", ""[Sicredi] #Gemini Enterprise Plus | 3k seats (Big Bet)"")","=HYPERLINK(""https://vector.lightning.force.com/lightning/r/Expert_Request__c/aAuKf00000110yDKAQ/view"", ""ER-377901"")",Corporate,BR CORP,Build with AI,3:  Proposal / Negotiation,2026-09-30,2026-10-30,"970,200.00"
"=HYPERLINK(""https://vector.lightning.force.com/lightning/r/Account/0014M00001n6bFlQAI/view"", ""Americanas S.A."")","=HYPERLINK(""https://vector.lightning.force.com/lightning/r/Workload__c/aBJKf000000Gpz8OAC/view"", ""Amer | Pgr Dados | NovoLake - outbound"")","=HYPERLINK(""https://vector.lightning.force.com/lightning/r/Opportunity/0064M00000bEtF4QAK/view"", ""Americanas S.A. -  $0.00 TCV / 4YR"")","=HYPERLINK(""https://vector.lightning.force.com/lightning/r/Expert_Request__c/aAuKf0000011L8MKAU/view"", ""ER-429071"")",Brazil,Retail & CPG,Analytics,4.3: Migrated/Implemented,2024-12-01,2024-12-31,1.00
"=HYPERLINK(""https://vector.lightning.force.com/lightning/r/Account/0014M00001hcHTEQA2/view"", ""CIA LATINO AMERICANA DE MEDICAMENTOS"")","=HYPERLINK(""https://vector.lightning.force.com/lightning/r/Workload__c/aBJKf00000829YQOAY/view"", ""Analytics"")","=HYPERLINK(""https://vector.lightning.force.com/lightning/r/Opportunity/006Kf00000JafJlIAJ/view"", ""[CES AI]CLAMED - Flex -Under Review"")",,Brazil,Retail & CPG,Analytics,4.3: Migrated/Implemented,2025-06-26,2025-10-13,"60,000.00"
"=HYPERLINK(""https://vector.lightning.force.com/lightning/r/Account/0014M00001hcHTEQA2/view"", ""CIA LATINO AMERICANA DE MEDICAMENTOS"")","=HYPERLINK(""https://vector.lightning.force.com/lightning/r/Workload__c/aBJKf00000829YpOAI/view"", ""Agent Space"")","=HYPERLINK(""https://vector.lightning.force.com/lightning/r/Opportunity/006Kf00000JafJlIAJ/view"", ""[CES AI]CLAMED - Flex -Under Review"")",,Brazil,Retail & CPG,Build with AI,3:  Proposal / Negotiation,2026-07-31,2026-11-30,"25,000.00"
"=HYPERLINK(""https://vector.lightning.force.com/lightning/r/Account/0014M00001n6bFlQAI/view"", ""Americanas S.A."")","=HYPERLINK(""https://vector.lightning.force.com/lightning/r/Workload__c/aBJKf000006ABldOAG/view"", ""Amer | Pgr Dados | PCP Crédito | Aidda"")","=HYPERLINK(""https://vector.lightning.force.com/lightning/r/Opportunity/0064M00000bEtF4QAK/view"", ""Americanas S.A. -  $0.00 TCV / 4YR"")","=HYPERLINK(""https://vector.lightning.force.com/lightning/r/Expert_Request__c/aAuKf0000011L87KAE/view"", ""ER-429067"")",Brazil,Retail & CPG,Analytics,4.3: Migrated/Implemented,2025-10-20,2026-03-01,"12,000.00"
"=HYPERLINK(""https://vector.lightning.force.com/lightning/r/Account/0014M00001n6bFlQAI/view"", ""Americanas S.A."")","=HYPERLINK(""https://vector.lightning.force.com/lightning/r/Workload__c/aBJKf000006ABljOAG/view"", ""Amer | Pgr Dados | PCP - HubDeClientes | Aidda"")","=HYPERLINK(""https://vector.lightning.force.com/lightning/r/Opportunity/0064M00000bEtF4QAK/view"", ""Americanas S.A. -  $0.00 TCV / 4YR"")","=HYPERLINK(""https://vector.lightning.force.com/lightning/r/Expert_Request__c/aAuKf0000011L8HKAU/view"", ""ER-429069"")",Brazil,Retail & CPG,Analytics,4.3: Migrated/Implemented,2025-06-23,2025-12-15,"10,000.00"
"=HYPERLINK(""https://vector.lightning.force.com/lightning/r/Account/0014M00001n6bFlQAI/view"", ""Americanas S.A."")","=HYPERLINK(""https://vector.lightning.force.com/lightning/r/Workload__c/aBJKf000006ABliOAG/view"", ""Amer | Pgr Dados | PCP - Loyalty | Aidda"")","=HYPERLINK(""https://vector.lightning.force.com/lightning/r/Opportunity/0064M00000bEtF4QAK/view"", ""Americanas S.A. -  $0.00 TCV / 4YR"")","=HYPERLINK(""https://vector.lightning.force.com/lightning/r/Expert_Request__c/aAuKf0000011L8CKAU/view"", ""ER-429068"")",Brazil,Retail & CPG,Analytics,4.3: Migrated/Implemented,2025-10-13,2026-03-01,"5,000.00"
"=HYPERLINK(""https://vector.lightning.force.com/lightning/r/Account/0014M00001n6bFlQAI/view"", ""Americanas S.A."")","=HYPERLINK(""https://vector.lightning.force.com/lightning/r/Workload__c/aBJKf000006MUmWOAW/view"", ""Amer | Pgr Dados | NovoLake - Comercial  #hvar"")","=HYPERLINK(""https://vector.lightning.force.com/lightning/r/Opportunity/0064M00000bEtF4QAK/view"", ""Americanas S.A. -  $0.00 TCV / 4YR"")",,Brazil,Retail & CPG,Analytics,4.3: Migrated/Implemented,2025-08-25,2025-09-29,"30,000.00"
"=HYPERLINK(""https://vector.lightning.force.com/lightning/r/Account/0014M00001n6bFlQAI/view"", ""Americanas S.A."")","=HYPERLINK(""https://vector.lightning.force.com/lightning/r/Workload__c/aBJKf000006MUGBOA4/view"", ""Amer | Pgr Dados | Digital - DataHub Integracao #hvar"")","=HYPERLINK(""https://vector.lightning.force.com/lightning/r/Opportunity/0064M00000bEtF4QAK/view"", ""Americanas S.A. -  $0.00 TCV / 4YR"")","=HYPERLINK(""https://vector.lightning.force.com/lightning/r/Expert_Request__c/aAuKf0000011EGiKAM/view"", ""ER-411737"")",Brazil,Retail & CPG,Analytics,4.3: Migrated/Implemented,2025-07-28,2025-10-31,"50,000.00"
"=HYPERLINK(""https://vector.lightning.force.com/lightning/r/Account/0014M00001n6bFlQAI/view"", ""Americanas S.A."")","=HYPERLINK(""https://vector.lightning.force.com/lightning/r/Workload__c/aBJKf000006MUGGOA4/view"", ""Amer | Pgr Dados | Risco Ame | #hvar"")","=HYPERLINK(""https://vector.lightning.force.com/lightning/r/Opportunity/0064M00000bEtF4QAK/view"", ""Americanas S.A. -  $0.00 TCV / 4YR"")",,Brazil,Retail & CPG,Analytics,4.3: Migrated/Implemented,2025-06-30,2025-09-29,"40,000.00"
"=HYPERLINK(""https://vector.lightning.force.com/lightning/r/Account/0014M00001n6bFlQAI/view"", ""Americanas S.A."")","=HYPERLINK(""https://vector.lightning.force.com/lightning/r/Workload__c/aBJKf000006MUG6OAO/view"", ""Amer | Pgr Dados | PCP - Serviços/DS | Aidda"")","=HYPERLINK(""https://vector.lightning.force.com/lightning/r/Opportunity/0064M00000bEtF4QAK/view"", ""Americanas S.A. -  $0.00 TCV / 4YR"")",,Brazil,Retail & CPG,Analytics,4.3: Migrated/Implemented,2025-07-01,2025-12-30,"16,000.00"
"=HYPERLINK(""https://vector.lightning.force.com/lightning/r/Account/0014M00001qqD1qQAE/view"", ""OPERADOR NACIONAL DO SISTEMA DE REGISTRO ELETRONICO DE IMOVEIS - ONR"")","=HYPERLINK(""https://vector.lightning.force.com/lightning/r/Workload__c/aBJKf000009stb1OAA/view"", ""SREI_ONR #Q3RevAcc"")","=HYPERLINK(""https://vector.lightning.force.com/lightning/r/Opportunity/006Kf00000KYNpiIAH/view"", ""SREI_ONR"")","ER-388423, ER-391538",Corporate,BR CORP,Migrate Modernize and Build,4.2: Ramping / Deliver,2025-08-11,2026-11-30,"360,000.00"
"=HYPERLINK(""https://vector.lightning.force.com/lightning/r/Account/0014M00001hKHC9QAO/view"", ""Ri Happy Brinquedos S/A"")","=HYPERLINK(""https://vector.lightning.force.com/lightning/r/Workload__c/aBJKf000006A96xOAC/view"", ""Ri Happy Dataplex"")","=HYPERLINK(""https://vector.lightning.force.com/lightning/r/Opportunity/0064M00000c0IFPQA2/view"", ""Ri Happy Brinquedos S/A / $1.5M TCV / 3YR #SAP"")","=HYPERLINK(""https://vector.lightning.force.com/lightning/r/Expert_Request__c/aAuKf0000011L79KAE/view"", ""ER-429051"")",Brazil,Retail & CPG,Analytics,4.3: Migrated/Implemented,2025-05-29,2025-09-04,"12,000.00"
"=HYPERLINK(""https://vector.lightning.force.com/lightning/r/Account/0014M00001n6bFlQAI/view"", ""Americanas S.A."")","=HYPERLINK(""https://vector.lightning.force.com/lightning/r/Workload__c/aBJKf00000827IVOAY/view"", ""Cloud Foundation #retention #retenção"")","=HYPERLINK(""https://vector.lightning.force.com/lightning/r/Opportunity/0064M00000bEtF4QAK/view"", ""Americanas S.A. -  $0.00 TCV / 4YR"")",,Brazil,Retail & CPG,Migrate Modernize and Build,4.3: Migrated/Implemented,2025-03-03,2025-08-01,-1.00
"=HYPERLINK(""https://vector.lightning.force.com/lightning/r/Account/0014M00001hWV5WQAW/view"", ""Grupo Casas Bahia S.A."")","=HYPERLINK(""https://vector.lightning.force.com/lightning/r/Workload__c/aBJKf000006A8f3OAC/view"", ""Via-BlackFriday #BlackFriday"")","=HYPERLINK(""https://vector.lightning.force.com/lightning/r/Opportunity/0064M00000bXnP0QAK/view"", ""VIA S.A. / $30M TCV / 5YR"")",,Brazil,Retail & CPG,Build with AI,4.3: Migrated/Implemented,2025-11-01,2025-11-30,"5,000.00"
