Partner Name,Pillar,Solution (Sales Play),Product,Tier 1 Profiles Count,Tier 2 Profiles Count,Total Tier 1 & 2 Profiles
Comercializadora Zenta Group SPA,Application Modernization,"Migrate, Modernize and Build",Cloud Run,0,1,1
Comercializadora Zenta Group SPA,Application Modernization,"Migrate, Modernize and Build",Google Kubernetes Engine,0,1,1
Comercializadora Zenta Group SPA,Artificial Intelligence,Agentic Workplace Transformation,Gemini Enterprise,1,1,2
Comercializadora Zenta Group SPA,Artificial Intelligence,Gemini Enterprise for Customer Experience,Gemini Enterprise Agent Platform,1,1,2
Comercializadora Zenta Group SPA,Artificial Intelligence,Leverage Generative Media in your Business,Gemini Enterprise Agent Platform,1,1,2
Comercializadora Zenta Group SPA,Artificial Intelligence,Scale AI Apps and Agents,Gemini Enterprise Agent Platform,1,1,2
Comercializadora Zenta Group SPA,Artificial Intelligence,Your Business. Your Models.,Gemini Enterprise Agent Platform,1,1,2
Comercializadora Zenta Group SPA,Infrastructure Modernization,"Migrate, Modernize and Build",Google Cloud Networking,0,2,2
Comercializadora Zenta Group SPA,Infrastructure Modernization,"Migrate, Modernize and Build",Google Compute Engine,1,1,2
Tech Pulse SPA (Axmos),Application Modernization,"Migrate, Modernize and Build",Cloud Run,1,2,3
Tech Pulse SPA (Axmos),Application Modernization,"Migrate, Modernize and Build",Google Kubernetes Engine,1,5,6
Tech Pulse SPA (Axmos),Artificial Intelligence,Agentic Workplace Transformation,Gemini Enterprise,1,2,3
Tech Pulse SPA (Axmos),Artificial Intelligence,Gemini Enterprise for Customer Experience,Gemini Enterprise Agent Platform,1,4,5
Tech Pulse SPA (Axmos),Artificial Intelligence,Leverage Generative Media in your Business,Gemini Enterprise Agent Platform,1,4,5
Tech Pulse SPA (Axmos),Artificial Intelligence,Scale AI Apps and Agents,AI Applications,0,1,1
Tech Pulse SPA (Axmos),Artificial Intelligence,Scale AI Apps and Agents,Gemini Enterprise Agent Platform,1,4,5
Tech Pulse SPA (Axmos),Artificial Intelligence,Your Business. Your Models.,Gemini Enterprise Agent Platform,1,4,5
Tech Pulse SPA (Axmos),Data & Analytics,"Migrate, Modernize, and Build with Data Cloud",BigQuery,2,5,7
Tech Pulse SPA (Axmos),Data & Analytics,"Migrate, Modernize, and Build with Data Cloud",Dataflow,3,3,6
Tech Pulse SPA (Axmos),Data & Analytics,The AI Ready Data Cloud,BigQuery,2,5,7
Tech Pulse SPA (Axmos),Data & Analytics,The AI Ready Data Cloud,Dataflow,3,3,6
Tech Pulse SPA (Axmos),Data & Analytics,The AI Ready Data Cloud,Looker,0,1,1
Tech Pulse SPA (Axmos),Databases,"Migrate, Modernize, and Build with Data Cloud",Cloud SQL,5,1,6
Tech Pulse SPA (Axmos),Databases,"Migrate, Modernize, and Build with Data Cloud",Spanner,1,3,4
Tech Pulse SPA (Axmos),Databases,The AI Ready Data Cloud,Cloud SQL,5,1,6
Tech Pulse SPA (Axmos),Databases,The AI Ready Data Cloud,Spanner,1,3,4
Tech Pulse SPA (Axmos),Infrastructure Modernization,Enterprise Platform of Choice: Oracle,Oracle,0,3,3
Tech Pulse SPA (Axmos),Infrastructure Modernization,Enterprise Platform of Choice: VMware,Google Cloud VMware Engine,3,4,7
Tech Pulse SPA (Axmos),Infrastructure Modernization,"Migrate, Modernize and Build",Google Cloud Networking,8,6,14
Tech Pulse SPA (Axmos),Infrastructure Modernization,"Migrate, Modernize and Build",Google Compute Engine,10,4,14
Tech Pulse SPA (Axmos),Security,Agentic Defense with Google Security,Security Command Center,3,4,7
Tech Pulse SPA (Axmos),Security,Agentic Defense with Google Security,Security Operations,2,1,3
Tech Pulse SPA (Axmos),Security,Secure Innovation with Google Cloud,Cloud Security,8,3,11
Tech Pulse SPA (Axmos),Workspace,Agentic Workplace Transformation,Workspace,0,2,2
Devaid SPA,Artificial Intelligence,Agentic Workplace Transformation,Gemini Enterprise,1,1,2
Devaid SPA,Artificial Intelligence,Gemini Enterprise for Customer Experience,Gemini Enterprise Agent Platform,0,1,1
Devaid SPA,Artificial Intelligence,Leverage Generative Media in your Business,Gemini Enterprise Agent Platform,0,1,1
Devaid SPA,Artificial Intelligence,Scale AI Apps and Agents,Gemini Enterprise Agent Platform,0,1,1
Devaid SPA,Artificial Intelligence,Your Business. Your Models.,Gemini Enterprise Agent Platform,0,1,1
Devaid SPA,Data & Analytics,"Migrate, Modernize, and Build with Data Cloud",BigQuery,8,3,11
Devaid SPA,Data & Analytics,"Migrate, Modernize, and Build with Data Cloud",Dataflow,3,5,8
Devaid SPA,Data & Analytics,The AI Ready Data Cloud,BigQuery,8,3,11
Devaid SPA,Data & Analytics,The AI Ready Data Cloud,Dataflow,3,5,8
Devaid SPA,Data & Analytics,The AI Ready Data Cloud,Looker,1,1,2
Devaid SPA,Infrastructure Modernization,Enterprise Platform of Choice: Oracle,Oracle,1,0,1
TIVIT COLOMBIA S A S,Application Modernization,"Migrate, Modernize and Build",Cloud Run,0,1,1
TIVIT COLOMBIA S A S,Artificial Intelligence,Gemini Enterprise for Customer Experience,Gemini Enterprise Agent Platform,1,1,2
TIVIT COLOMBIA S A S,Artificial Intelligence,Leverage Generative Media in your Business,Gemini Enterprise Agent Platform,1,1,2
TIVIT COLOMBIA S A S,Artificial Intelligence,Scale AI Apps and Agents,Gemini Enterprise Agent Platform,1,1,2
TIVIT COLOMBIA S A S,Artificial Intelligence,Your Business. Your Models.,Gemini Enterprise Agent Platform,1,1,2
TIVIT COLOMBIA S A S,Data & Analytics,"Migrate, Modernize, and Build with Data Cloud",BigQuery,1,4,5
TIVIT COLOMBIA S A S,Data & Analytics,"Migrate, Modernize, and Build with Data Cloud",Dataflow,0,1,1
TIVIT COLOMBIA S A S,Data & Analytics,The AI Ready Data Cloud,BigQuery,1,4,5
TIVIT COLOMBIA S A S,Data & Analytics,The AI Ready Data Cloud,Dataflow,0,1,1
TIVIT COLOMBIA S A S,Databases,"Migrate, Modernize, and Build with Data Cloud",Cloud SQL,0,3,3
TIVIT COLOMBIA S A S,Databases,The AI Ready Data Cloud,Cloud SQL,0,3,3
TIVIT COLOMBIA S A S,Infrastructure Modernization,Enterprise Platform of Choice: Oracle,Oracle,0,2,2
TIVIT COLOMBIA S A S,Infrastructure Modernization,Enterprise Platform of Choice: SAP,SAP on Google Cloud,4,3,7
TIVIT COLOMBIA S A S,Infrastructure Modernization,Enterprise Platform of Choice: VMware,Google Cloud VMware Engine,0,2,2
TIVIT COLOMBIA S A S,Infrastructure Modernization,"Migrate, Modernize and Build",Google Cloud Networking,6,0,6
TIVIT COLOMBIA S A S,Infrastructure Modernization,"Migrate, Modernize and Build",Google Compute Engine,6,1,7
TIVIT COLOMBIA S A S,Security,Agentic Defense with Google Security,Security Command Center,5,0,5
TIVIT COLOMBIA S A S,Security,Agentic Defense with Google Security,Security Operations,5,0,5
TIVIT COLOMBIA S A S,Security,Secure Innovation with Google Cloud,Cloud Security,5,1,6
VPN Soluçoes em TI LTDA (Venha para Nuvem),Application Modernization,"Migrate, Modernize and Build",Cloud Run,1,1,2
VPN Soluçoes em TI LTDA (Venha para Nuvem),Application Modernization,"Migrate, Modernize and Build",Google Kubernetes Engine,4,1,5
VPN Soluçoes em TI LTDA (Venha para Nuvem),Artificial Intelligence,Agentic Workplace Transformation,Gemini Enterprise,0,1,1
VPN Soluçoes em TI LTDA (Venha para Nuvem),Data & Analytics,"Migrate, Modernize, and Build with Data Cloud",BigQuery,0,1,1
VPN Soluçoes em TI LTDA (Venha para Nuvem),Data & Analytics,"Migrate, Modernize, and Build with Data Cloud",Dataflow,1,0,1
VPN Soluçoes em TI LTDA (Venha para Nuvem),Data & Analytics,The AI Ready Data Cloud,BigQuery,0,1,1
VPN Soluçoes em TI LTDA (Venha para Nuvem),Data & Analytics,The AI Ready Data Cloud,Dataflow,1,0,1
VPN Soluçoes em TI LTDA (Venha para Nuvem),Databases,"Migrate, Modernize, and Build with Data Cloud",Cloud SQL,1,2,3
VPN Soluçoes em TI LTDA (Venha para Nuvem),Databases,The AI Ready Data Cloud,Cloud SQL,1,2,3
VPN Soluçoes em TI LTDA (Venha para Nuvem),Infrastructure Modernization,"Migrate, Modernize and Build",Google Cloud Networking,2,2,4
VPN Soluçoes em TI LTDA (Venha para Nuvem),Infrastructure Modernization,"Migrate, Modernize and Build",Google Compute Engine,5,1,6
VPN Soluçoes em TI LTDA (Venha para Nuvem),Security,Agentic Defense with Google Security,Security Command Center,2,0,2
VPN Soluçoes em TI LTDA (Venha para Nuvem),Security,Agentic Defense with Google Security,Security Operations,3,1,4
VPN Soluçoes em TI LTDA (Venha para Nuvem),Security,Secure Innovation with Google Cloud,Cloud Security,0,1,1
VPN Soluçoes em TI LTDA (Venha para Nuvem),Workspace,Agentic Workplace Transformation,Workspace,4,2,6
MadeinWeb S/A,Artificial Intelligence,Agentic Workplace Transformation,Gemini Enterprise,0,1,1
MadeinWeb S/A,Artificial Intelligence,Gemini Enterprise for Customer Experience,Gemini Enterprise Agent Platform,4,0,4
MadeinWeb S/A,Artificial Intelligence,Leverage Generative Media in your Business,Gemini Enterprise Agent Platform,4,0,4
MadeinWeb S/A,Artificial Intelligence,Scale AI Apps and Agents,AI Applications,1,2,3
MadeinWeb S/A,Artificial Intelligence,Scale AI Apps and Agents,Gemini Enterprise Agent Platform,4,0,4
MadeinWeb S/A,Artificial Intelligence,Your Business. Your Models.,Gemini Enterprise Agent Platform,4,0,4
CU2 CLOUD TEC STORE SL,Application Modernization,"Migrate, Modernize and Build",Cloud Run,6,2,8
CU2 CLOUD TEC STORE SL,Application Modernization,"Migrate, Modernize and Build",Google Kubernetes Engine,5,2,7
CU2 CLOUD TEC STORE SL,Artificial Intelligence,Gemini Enterprise for Customer Experience,Gemini Enterprise Agent Platform,6,2,8
CU2 CLOUD TEC STORE SL,Artificial Intelligence,Leverage Generative Media in your Business,Gemini Enterprise Agent Platform,6,2,8
CU2 CLOUD TEC STORE SL,Artificial Intelligence,Scale AI Apps and Agents,AI Applications,4,2,6
CU2 CLOUD TEC STORE SL,Artificial Intelligence,Scale AI Apps and Agents,Gemini Enterprise Agent Platform,6,2,8
CU2 CLOUD TEC STORE SL,Artificial Intelligence,Your Business. Your Models.,Gemini Enterprise Agent Platform,6,2,8
CU2 CLOUD TEC STORE SL,Data & Analytics,"Migrate, Modernize, and Build with Data Cloud",BigQuery,11,1,12
CU2 CLOUD TEC STORE SL,Data & Analytics,"Migrate, Modernize, and Build with Data Cloud",Dataflow,11,2,13
CU2 CLOUD TEC STORE SL,Data & Analytics,The AI Ready Data Cloud,BigQuery,11,1,12
CU2 CLOUD TEC STORE SL,Data & Analytics,The AI Ready Data Cloud,Dataflow,11,2,13
CU2 CLOUD TEC STORE SL,Data & Analytics,The AI Ready Data Cloud,Dataproc,1,0,1
CU2 CLOUD TEC STORE SL,Data & Analytics,The AI Ready Data Cloud,Looker,6,0,6
CU2 CLOUD TEC STORE SL,Databases,"Migrate, Modernize, and Build with Data Cloud",AlloyDB for PostgreSQL,0,2,2
CU2 CLOUD TEC STORE SL,Databases,"Migrate, Modernize, and Build with Data Cloud",Cloud SQL,4,6,10
CU2 CLOUD TEC STORE SL,Databases,The AI Ready Data Cloud,AlloyDB for PostgreSQL,0,2,2
CU2 CLOUD TEC STORE SL,Databases,The AI Ready Data Cloud,Cloud SQL,4,6,10
CU2 CLOUD TEC STORE SL,Infrastructure Modernization,Enterprise Platform of Choice: SAP,SAP on Google Cloud,0,1,1
CU2 CLOUD TEC STORE SL,Infrastructure Modernization,Enterprise Platform of Choice: VMware,Google Cloud VMware Engine,2,8,10
CU2 CLOUD TEC STORE SL,Infrastructure Modernization,"Migrate, Modernize and Build",Google Cloud Networking,12,1,13
CU2 CLOUD TEC STORE SL,Infrastructure Modernization,"Migrate, Modernize and Build",Google Compute Engine,12,0,12
CU2 CLOUD TEC STORE SL,Security,Agentic Defense with Google Security,Security Command Center,8,3,11
CU2 CLOUD TEC STORE SL,Security,Agentic Defense with Google Security,Security Operations,3,8,11
CU2 CLOUD TEC STORE SL,Security,Secure Innovation with Google Cloud,Cloud Security,11,2,13
CU2 CLOUD TEC STORE SL,Workspace,Agentic Workplace Transformation,Workspace,2,0,2
Consiti (Consultoría y Soluciones Informáticas),Application Modernization,"Migrate, Modernize and Build",Cloud Run,0,1,1
Consiti (Consultoría y Soluciones Informáticas),Infrastructure Modernization,"Migrate, Modernize and Build",Google Cloud Networking,0,1,1
Consiti (Consultoría y Soluciones Informáticas),Infrastructure Modernization,"Migrate, Modernize and Build",Google Compute Engine,1,0,1
Consiti (Consultoría y Soluciones Informáticas),Security,Agentic Defense with Google Security,Security Command Center,0,1,1
Consiti (Consultoría y Soluciones Informáticas),Security,Secure Innovation with Google Cloud,Cloud Security,1,0,1
